SL,File_Source,Row_Original,Monomer 1,Monomer 2,Status
1,extracted_monomers_gpt4o_mini_mix-u.csv,1,CC(C)(c1ccc(OCC2CO2)cc1)c1ccc(OCC2CO2)cc1,CC(N)COCC(C)OCC(C)OCC(C)OCC(C)OCC(C)OCC(C)OCC(C)N,New_Unique
2,extracted_monomers_gpt4o_mini_mix-u.csv,2,CC(C)(c1ccc(OCC2CO2)cc1)c1ccc(OCC2CO2)cc1,NCCOCCOCCN,New_Unique
3,extracted_monomers_gpt4o_mini_mix-u.csv,4,CC(C)(c1ccc(OCC2CO2)cc1)c1ccc(OCC2CO2)cc1,CC(N)COCC(C)OCC(C)OCC(C)OCC(C)OCC(C)N,New_Unique
4,extracted_monomers_gpt4o_mini_mix-u.csv,7,CC(C)(c1ccc(OCCOCC2CO2)cc1)c1ccc(OCCOCC2CO2)cc1,CC(N)COCC(C)OCC(C)OCC(C)N,New_Unique
5,extracted_monomers_gpt4o_mini_mix-u.csv,8,CC(C)(cccc(OCCOCCOCCOCCOCCOCCOCCOCCOCCOCC1)C1CCOCC1)c4ccc(OCCOCCOCCOCCOCCOCCOCCOCCOCCOCC)ccc4,CC(N)COCC(C)OCC(C)N,New_Unique
6,extracted_monomers_gpt4o_mini_mix-u.csv,9,Cc1cc(-c2cc(C)c(OCC3CO3)c(C)c2)cc(C)c1OCC1CO1,CC(N)COCC(C)OCC(C)OCC(C)OCC(C)OCC(C)N,New_Unique
7,extracted_monomers_gpt4o_mini_mix-u.csv,10,CC(C)(c1ccc(OCC2CO2)cc1)c1ccc(OCC2CO2)cc1,CC(N)COCC(C)OCC(C)OCC(C)OCC(C)OCC(C)OCC(C)N,New_Unique
8,extracted_monomers_gpt4o_mini_mix-u.csv,12,CC(C)(c1ccc(OCCOCCOCCOC2CCC2)cc1)c1ccc(OCCOCCOCCC2CC2)cc1,NCCOCCOCCN,New_Unique
9,extracted_monomers_gpt4o_mini_mix-u.csv,13,CC(C)(c1ccc(OCC2CO2)cc1)c1ccc(OCC2CO2)cc1,CC(CN)CCCN,New_Unique
10,extracted_monomers_gpt4o_mini_mix-u.csv,16,C=CCOCC(COCC=C)(COCC=C)COC(=O)NCC1(C)CC(NC(=O)OCC=C)CC1(C)C,NCCOCCOCCN,New_Unique
11,extracted_monomers_gpt4o_mini_mix-u.csv,17,CC(C)(c1ccc(OCC(O)COc2ccc(C(C)(C)c3ccc(OCC4CO4)cc3)cc2)cc1)c1ccc(OCC2CO2)cc1,CC(N)COCC(C)OCC(C)N,New_Unique
12,extracted_monomers_gpt4o_mini_mix-u.csv,18,CCCCCCCCCCCCCCC(=O)OCCn1c(=O)n(CCOC(=O)CC)c(=O)n(CCOC(=O)CC)c1=O,CCCCC(C)(C)COC(=O)NCCNOC(=O)CC(C)(C)CC,New_Unique
13,extracted_monomers_gpt4o_mini_mix-u.csv,20,CC(C)(c1ccc(OCCOCC2CO2)cc1)c1ccc(OCCOCC2CO2)cc1,NCCCOCCCOCCCN,New_Unique
14,extracted_monomers_gpt4o_mini_mix-u.csv,21,Cc3cc(C)c2c(c(CC(O)COc1ccc(C(C)(C)C)cc1)OCC3CO3)OCC2CO2)OCC1CO1,N=Cc1cccc(C=N)c1,New_Unique
15,extracted_monomers_gpt4o_mini_mix-u.csv,22,CC(C)(c1ccc(OCC2CO2)cc1)c1ccc(OCC2CO2)cc1,CC1(C)CC(N)CC(O)C1(c2cccc(C(C)(C)c2)C(C)(C)c6cccc(OCC6)C(=O)OCC3CC3)C(=O)OCC4CC4,New_Unique
16,extracted_monomers_gpt4o_mini_mix-u.csv,23,CCOCCOCCOCCOc1ccc(C(C)(C)c2ccc(OCCOCCOCCOCC)cc2)cc1,NCCOCCOCCOCCOCCN,New_Unique
17,extracted_monomers_gpt4o_mini_mix-u.csv,24,C=CCc1ccccc1OCC(O)COC(=O)CCCCC(=O)OCC(O)COc1ccccc1CC=C,CCCC(=O)OCC(COC(=O)CC)(COC(=O)CC)COC(=O)CC,New_Unique
18,extracted_monomers_gpt4o_mini_mix-u.csv,25,C=C(C)C(=O)OCCOCCOCCOCCOCCOCCOCCOCCOCCOCCOCCOCCOCCOCCOCCOCCOCCOCCOC(=O)C(=C)C,C=C(CCS)OCC(COC(=O)CCS)(COC(=O)CCS)COC(=O)CCSC(=O)NCC1(C)CC(C)(C)CC(C)(C)C1,New_Unique
19,extracted_monomers_gpt4o_mini_mix-u.csv,26,C=C(C)C(=C)OCCOCCOCCOCCOCCOCCOCCOCCOCCOCCOCCOCCOCCOCCOCCOCCOCCOCCOCCOCCOCCOC(=O)C(C)=O,CC(CS)OCC(CS)OCC(CS)OCC(CS)OCC(CS)OCC(CS)OCC(CS)OCC(CS)OCC(CS)OCC(CS)OCC(CS)OCC(CS)OCC(CS)OCC(CS)OCC(CS)OCC(CS)OCC(CS)OCC(CS)OCC(CS)OCC(CS)OCC(CS)OCC(CS)OCC(CS)OCC(CS)OCC(CS)OCC(CS)OCC(CS)OCC(CS)OCC(CS)OCC(CS)OCC(CS)OCC(CS)OCC(CS)OCC(CS)OCC(CS)OCC(CS)OCC(CS)OCC(CS)OCC(CS)OCC(CS)OCC(CS)OCCCS,New_Unique
20,extracted_monomers_gpt4o_mini_mix-u.csv,28,C=C(C)C(=C)OCOCCOC(=O)C(=C)C,C=CCC(=O)OCC(COC(=C)CCS)(COC(=O)CC=C)COC(=O)CC=C,New_Unique
21,extracted_monomers_gpt4o_mini_mix-u.csv,29,C=COCC(O)(COC(=C)C)COC(=O)NCC1(C)CC(C)(C)C1,C=C(CCS)OCC(COC(=O)CCS)(COC(=O)CCS)COC(=O)CCSC(=O)NCC1(C)CC(C)(C)C1,New_Unique
22,extracted_monomers_gpt4o_mini_mix-u.csv,30,C=C(C)C(=C)OCOCCOC(=O)C(=C)C,C=C(C)C(=O)OCCOCCOCCOCCOCCOCCOCCOCCOCCOCCOCCOCCOCCOCCOCCOCCOCCOCC(=O)OCC(=O)OCC(=O)OCC(=O)OCC(=O)OCC(=O)OCC(=O)OCC(=O)OCC(=O)OCC(=O)OCC(=O)OCC(=O)OCC(=O)OCC(=O)OCC(=O)OCC(=O)OCC(=O)OCC(=O)OCC(=O)OCC(=O)OCC(=O)OCC(=O)OCC(=O)OCC(=O)OCC(=O)OCC(=O)OCC(=O)OCC(=O)OCC(=O)OCC(=O)OCC(=O)OCC(=O)OCC,New_Unique
23,extracted_monomers_gpt4o_mini_mix-u.csv,31,C=CCc1ccccc1OCC(O)COC(=O)Cc1ccc(C(=O)OCC(O)COc2ccccc2CC=C)cc1,CCC(N)COCC(C)OCC(C)OCC(C)OCC(C)OCC(C)OCC(C)OCC(C)OCC(C)N,New_Unique
24,extracted_monomers_gpt4o_mini_mix-u.csv,32,C=C(C)C(=C)OCC(O)COc1ccc(C(C)(C)c2ccc(OCC(O)COC(=O)C(=C)C)cc2)cc1,CC(C)(C)N,New_Unique
25,extracted_monomers_gpt4o_mini_mix-u.csv,33,C=CCc1ccccc1OCC(O)COC(=O)CCCCC(=O)OCC(O)COc1ccccc1CC=C,CCCCC(=O)OCC(COC(=O)CCC)OC(=O)CCCC,New_Unique
26,extracted_monomers_gpt4o_mini_mix-u.csv,34,C=C(C)C(=O)OCCOCCOCCOCCOCCOCCOCCOCCOC(=O)C(=C)C,C=C(CCS)OCC(COC(=O)CCS)(COC(=O)CCS)COC(=O)CCSC(=O)NCC1(C)CC(NC(=O)SCCC(=O)OCC(COC(=O)CCS)(COC(=O)CCS)COC(=O)CCS)C(=O)N1,New_Unique
27,extracted_monomers_gpt4o_mini_mix-u.csv,35,CC(C)(c1ccc(OCCOCCOCCOCC2CC2)cc1)c1ccc(OCCOCCOCCOCC2CC2)cc1,NCCOCCOCCOCCN,New_Unique
28,extracted_monomers_gpt4o_mini_mix-u.csv,36,C=CC(=C)OCCn1on(CCOC(=C)C)c1=O,CCCC(=O)OCC(COC(=O)CC)(COC(=O)CC)COC(=O)CC,New_Unique
29,extracted_monomers_gpt4o_mini_mix-u.csv,38,C=CCc1ccccc1OCC(O)COC(=O)Cc1ccc(C(=O)OCC(O)COc2ccccc2CC=C)cc1,CC(C)(c4cc(C(C)(C)c5cc(CCCCCC2=CC=CC=C2)cc4)cc5)cc1cc(C(C)(C)c2cc(CCCCCC4=CC=CC=C4)cc1)cc3cc(CCCCCC6=CC=CC=C6)cc3,New_Unique
30,extracted_monomers_gpt4o_mini_mix-u.csv,39,C=C(C)C(=O)OCCOC(=O)C(=C)C,C=C(CCS)CC(C)=O,New_Unique
31,extracted_monomers_gpt4o_mini_mix-u.csv,40,O=C(OCC1CO1)NCC4COC4N(CC(C)C(C)C(C)COC3CO3)CC2COC2N(CC(C)C(C)C(C)COC6CO6)CC7COC7C(=O)N(CC(C)C(C)C(C)OCC5CO5)CC8COC8C(=O)N(CC(C)C(C)OCC11CO11)CC10COC10C(=O)N(CC(C)C(C)OCC9CO9)CC(C)(C)C(=O)OCC15CO15,CC1(C)CCN(C(=O)CCCS)C1,New_Unique
32,extracted_monomers_gpt4o_mini_mix-u.csv,41,C=CCOC(CCCCCOC(=O)C=C)(OCC=C)OCC=C,CCCC(=O)OCC(CC)(COC(=O)CC)COC(=O)CC,New_Unique
33,extracted_monomers_gpt4o_mini_mix-u.csv,42,C=C(C)C(=O)OCCOC(=O)C(=C)C,NCCCCC(=O)OCCOCCOCCN,New_Unique
34,extracted_monomers_gpt4o_mini_mix-u.csv,43,C=C(C)OCC1CO1,C=CCc1cc(C=CC(OCC)(OCC)OCC)c(OC(CC)(CC)C)cc1OCC(OCC)(OCC)COC(=O)c3ccc(Cc2ccc(OCC(C)COC(=O)CC)(CC2)CC1)c3,New_Unique
35,extracted_monomers_gpt4o_mini_mix-u.csv,44,C=C(C)C(=C)OCCN1C(=O)N(C(=O)OCC(C)(C)C)CN1C,CC(COCC(C)OCC(C)OCC(C)OCC1CO1)OC4CO4OCC(C)OCC(C)OCC(C)OCC(C)OCC(C)OCC(C)OCC(C)OCC(C)OCC(C)N,New_Unique
36,extracted_monomers_gpt4o_mini_mix-u.csv,45,C=CCc1cccc(C=C)c1,C=C(C)C(=O)OCCOCCOCCOCCOCCOCCOCCOCCOCCOCCOCCOCCOCCOCCOCCOCCOCCOCCOC(=O)C(=C)OCC(C)=O,New_Unique
37,extracted_monomers_gpt4o_mini_mix-u.csv,46,C=CCc1ccccc1OCC(O)COC(=O)Cc1ccc(C(=O)OCC(O)COc2ccccc2CC=C)cc1,CCN(CC)c1ccc(Cc2ccc(N3C(=O)C=CC3=O)c(N(CC)CC)c2)cc1,New_Unique
38,extracted_monomers_gpt4o_mini_mix-u.csv,48,C=CCc1ccccc1OCC(O)COC(=O)Cc1ccc(C(=O)OCC(O)COc2ccccc2C=C)cc1,C=C(CCS)OCC(COC(=O)CCS)(COC(=O)CCS)COC(=O)CCS,New_Unique
39,extracted_monomers_gpt4o_mini_mix-u.csv,49,C=CCc1ccccc1OCC(O)COC(=O)Cc1ccc(C(=O)OCC(O)COc2ccccc2CC=C)cc1,C=CCn1c(=O)n(CC=C)c(=O)n(CC=C)c1=O,New_Unique
40,extracted_monomers_gpt4o_mini_mix-u.csv,50,C=CCC(=O)OCC(O)(COC(=C)C)COC(=O)CC=C,C=CC(=O)OCCn1c(=O)n(CCOC(=O)C=C)c(=O)n(CCOC(=O)C=C)c1=O,New_Unique
41,extracted_monomers_gpt4o_mini_mix-u.csv,52,C=C(C)C=O,C=C,New_Unique
42,extracted_monomers_gpt4o_mini_mix-u.csv,53,C=CCC(=O)OCC(O)COc1ccc(Cc2ccccc2CC(=O)OCC(O)COc2ccccc2CC=C)cc1,C=C(C)C(=O)OCCOCCOCCOCCOCCOCCOCCOCCOCCOCCOCCOCCOCCOCCOCCOCCOCCOCCOCCOCCOC(=O)C(=C)C,New_Unique
43,extracted_monomers_gpt4o_mini_mix-u.csv,54,C=CCc1ccccc1OCC(O)COC(=O)CCCCC(=O)OCC(O)COc1ccccc1CC=C,CC(C)(C1=CC(OCC(O)COC(=O)CCS)(c2ccc(OCC(O)COC(=O)CCS)cc2)C=C1)c1ccc(OCC(O)COC(=O)CCS)cc1,New_Unique
44,extracted_monomers_gpt4o_mini_mix-u.csv,55,C=CC(=O)OC1CCC1,C=CC(=O)OC(=O)OCCC(=O)OCC,New_Unique
45,extracted_monomers_gpt4o_mini_mix-u.csv,56,C=C(C)C(=O)COCCOCCOCCOCCOCCOCCOCCOCCOCCOCCOCCOCCOCCOCCOCCOCCOCCOCCOCCOCCOC(=O)C(=C)C,C=C(CCS)OCC(COC(=O)CCS)(COC(=O)CCS)COC(=O)CCSC(=O)NCC1(C)CC(C)(C)C1,New_Unique
46,extracted_monomers_gpt4o_mini_mix-u.csv,57,CC(C)(c1ccc(OCC2CO2)cc1)c1ccc(OCC2CO2)cc1,CC(C)(c1ccc(OCC2CO2)cc1)c1ccc(OCC2CO2)cc1,New_Unique
47,extracted_monomers_gpt4o_mini_mix-u.csv,58,C=CCc1ccccc1OCC(O)COC(=O)Cc1ccc(C(=O)OCC(O)COc2ccccc2CC=C)cc1,CC(C)(C)N,New_Unique
48,extracted_monomers_gpt4o_mini_mix-u.csv,59,C=CCc1ccccc1OCC(O)COC(=O)c1ccc(C(=O)OCC2COC2)cc1,CC(C)(C)N,New_Unique
49,extracted_monomers_gpt4o_mini_mix-u.csv,60,C=CCc1ccccc1OCC(O)COC(=O)CCCCC(=O)OCC(O)COc1ccccc1CC=C,C=CCc1ccccc1OCC(O)COC(=O)CCCCC(=O)OCC(O)COc1ccccc1C=C,New_Unique
50,extracted_monomers_gpt4o_mini_mix-u.csv,61,C=CCc1ccc(OCCOCCOCCOC(=O)CC(C)(C)C)cc1,C=CCn1c(=O)n(CC=C)c(=O)n(CC=C)c1=O,New_Unique
51,extracted_monomers_gpt4o_mini_mix-u.csv,62,C=CCc1ccc(OCCOC(=O)Cc2ccc(C=C)cc2)cc1,C=CCOC(=O)CCn(CC(=O)OCC=C)CC(=O)OCC=C,New_Unique
52,extracted_monomers_gpt4o_mini_mix-u.csv,63,CC=C(C)OCOCCOC(=O)C(C)(C)CC,C=CC(=O)OCCn1c(=O)n(CCOC(=O)C=C)c(=O)n(CCOC(=O)C=C)c1=O,New_Unique
53,extracted_monomers_gpt4o_mini_mix-u.csv,64,C=CCOC(COC(=O)CC=C)(COC(=O)CC=C)COC(COC(C)=CC)(OCC=C)OCC=C,CCC(N)CC(C)(C)N,New_Unique
54,extracted_monomers_gpt4o_mini_mix-u.csv,65,C=C(C)C(=C)OCCOCCOCCOCCOCCOCCOCCOCCOCCOCCOCCOCCOCCOCCOCCOCCOCCOCCOC(=O)C(=C)C,O=c1n(CCS)c(=O)n(CCS)c(=O)n1CCS,New_Unique
55,extracted_monomers_gpt4o_mini_mix-u.csv,67,C=COCC(O)(COC(=C)C)COC(=O)NCC1CO1,C=C(C)C(=C)OCC(OCC(C)OCC(C)OCC(C)OCC(C)OC(=O)NCC1CO1)C(=C)OCC(C)OCC(C)OCC(C)OCC(C)OC(=O)NCC1CO1,New_Unique
56,extracted_monomers_gpt4o_mini_mix-u.csv,68,CC=C(C)OCCOCCOCCOCCOCCOCCOCCOCCOCCOCCOCCOCCOCCOCCOCCOCCOCCOCCOC(=O)CCCCC(=O)OCC(OCC(C)(O)COC(=O)CCS(C)(C)(C)=O)(OCC(C)(O)COC(=O)CCS(C)(C)(C)=O)OCC(C)(O)COC(=O)CCS(C)(C)(C)=O,CC(=O)OCC1CO1,New_Unique
57,extracted_monomers_gpt4o_mini_mix-u.csv,69,C=CCc1cccc(C=c2cc(CC=C)ccc2)cc1,C=C(C)C(=O)OCCOCCOCCOC(=O)C(=C)C,New_Unique
58,extracted_monomers_gpt4o_mini_mix-u.csv,70,C=CCc1ccccc1OCC(O)COC(=O)Cc1ccccc1Cc1ccc(OCC(O)COC(=O)Cc2ccccc2)cc1,CC(=O)OCCOCCOCCOCCOCCOCCOCCOCCOCCOCCOCCOCCOCCOC(=O)C(C)=O,New_Unique
59,extracted_monomers_gpt4o_mini_mix-u.csv,71,CC(C)(c1ccc(OCC2CO2)cc1)c1ccc(OCC2CO2)cc1,CCCCCOC(=O)CCC,New_Unique
60,extracted_monomers_gpt4o_mini_mix-u.csv,74,CC(C)(c1ccc(OCC2CO2)cc1)c1ccc(OCC2CO2)cc1,CC1(O)CC(C)(C)C(C)(C)C1,New_Unique
61,extracted_monomers_gpt4o_mini_mix-u.csv,77,C=C(C)C(=O)OCCOCCOCCOCCOCCOCCOCCOCCOC(=O)C(=C)C,C=C(C)C(=O)OCCOCCOCCOCCOCCOCCOCCOCCOCCOCCOCCOCCOCCOCCOCCOCCOCCOCCOC(=O)C(=C)OCCOCCOCCOCCOCCOCCOCCOCCOC(=O)C(=C)OCCOCCOCCOCCOCCOCCOCCOCCOCCOCCOCCOC(=O)C(=C)OCCOCCOCCOCCOCCOCCOCCOCCOCCOCCOCCOC(=O)C(=C)OCCOCCOCCOCCOCCOCCOCCOCCOCCOCCOCCOCCOCCOCCOCCOCCOCCOCCOCCOCCOCCOCCOCCOCCOCCOCCOCCOCCOCCOCCOCCOCCOCCOCCOCCOCCOCCOCCOCCOCCOCCOCCOCCOCCOCCOCC,New_Unique
62,extracted_monomers_gpt4o_mini_mix-u.csv,79,C=CC(=O)OCCn1c(=O)n(CCOC(=O)C=C)c(=O)n(CCOC(=O)C=C)c1=O,C=CC(=O)OCCOCCOCCOCCOCCOCCOCCOCCOCCOCCOCCOCCOCCOC(=O)C(=O)OCC(=O)OCC(=O)OCC(=O)OCC(=O)OCC(=O)OCC(=O)OCC(=O)OCC(=O)OCC(=O)OCC(=O)OCC(=O)OCC(=O)OCC(=O)OCC(=O)OCC(=O)OCC(=O)OCC(=O)OCC(=O)OCC(=O)OCC(=O)OCC(=O)OCC(=O)OCC(=O)OCC(=O)OCC(=O)OCC(=O)OCC(=O)OCC(=O)OCC(=O)OCC(=O)OCC(=O)OCC(=O)OCC,New_Unique
63,extracted_monomers_gpt4o_mini_mix-u.csv,82,C=CC(=O)OCCn1c(=O)n(CCOC(=O)C=C)c(=O)n(CCOC(=O)C=C)c1=O,C=C(CC)OCC(CO)(CO)CO,New_Unique
64,extracted_monomers_gpt4o_mini_mix-u.csv,83,C=C(C)C(=O)OCCOCCOCCOCCOCCOCCOCCOCCOC(=O)C(=C)C,C=C(C)C(=C)OCOC(=O)C(=C)C,New_Unique
65,extracted_monomers_gpt4o_mini_mix-u.csv,84,C=C(C)C(=O)OCCOCCOCCOCCOCCOCCOCCOCCOC(=O)C(=C)C,C=C(CCS)OCC(COC(=O)CCS)(COC(=O)CCS)COC(=O)CCS,New_Unique
66,extracted_monomers_gpt4o_mini_mix-u.csv,85,C=C(OCC1CO1)C(=O)OCC1CO1,CC(N)COCC(C)OCC(C)OCC(C)OCC(C)OCC(C)OCC(C)OCC(C)OCC(C)OCC(C)OCC(C)OCC(C)N,New_Unique
67,extracted_monomers_gpt4o_mini_mix-u.csv,86,CC(C)(c1ccc(OCC2CO2)cc1)c1ccc(OCC2CO2)cc1,CC1(C)CC(O)(C)C1(cccc(OCC3CO3)c)cccc(OCC2CO2)c,New_Unique
68,extracted_monomers_gpt4o_mini_mix-u.csv,88,C=C(C)C(=O)OCCOCCOCCOCCOCCOCCOCCOCCOCCOCCOCCOCCOCCOCCOCCOCCOCCOC(=O)C(=C)C,C=C(CCS)OCC(COC(=O)CCS)(COC(=O)CCS)COC(=O)CCSC(=O)NCC1(C)CC(NC(=O)SCC(OCC(C)OCC(C)OCC(C)OCC(C)OCC(C)OCC(C)OCC(C)OCC(C)OCC(C)OCC(C)OCC(C)OCC(C)OCC(C)OCC(C)OCC(C)OCC(C)C)CC(C)(C)C1S(=O)(=O)NCC3(C)CC(C2(C)CC(C(C)(C)OCC2CC1)CC1(C)CC(C)(C)CC2(C)CC(C)(C)CC1(C)CC2(C)CC(C)(C)CC4(C)CC(C)(C)C4CC2(C)CC(C)(C)CC3(C)CC,New_Unique
69,extracted_monomers_gpt4o_mini_mix-u.csv,89,C=CCc1cccc(C=c2ccccc2)c1,C=C(C)C(=O)OCCOCCOCCOCCOC(=O)C(=C)C,New_Unique
70,extracted_monomers_gpt4o_mini_mix-u.csv,90,CCOC(COC(=O)c1ccc(OCCOC(=O)C2CC2)cc1)(OCC)OCC,CC(CN)CCCN,New_Unique
71,extracted_monomers_gpt4o_mini_mix-u.csv,91,C=C(C)C(=O)OCCOCCOCCOCCOCCOCCOCCOCCOC(=O)C(=C)C,C=C(C)COCCOCCOCCOCCOCCOCCOCCOCCOCCOCCOCCOCCOCCOCCOCCOCCOCCOCCOCCOCCOCCOCCOCCOCCOCCC(=O)OCCC(=O)OCCC(=O)OCCC(=O)OCCC(=O)OCCC(=O)OCCC(=O)OCCC(=O)OCCC(=O)OCCC(=O)OCCC(=O)OCCC(=O)OCCC(=O)OCCC(=O)OCCC(=O)OCCC(=O)OCCC(=O)OCCC(=O)OCCC(=O)OCCC(=O)OC(=O)C(=C)C,New_Unique
72,extracted_monomers_gpt4o_mini_mix-u.csv,92,C=C(C)C(=C)OCOCCOCOCCOCOCCOC(=O)C(=C)C,C=C(CCOCC(C)OCC(C)OCC(C)OCC(C)OCC(C)OCC(C)OCC(C)OCC(C)OCC(C)OCC(C)OCC(C)OCC(C)OCC(C)N)CCS(N)(=O)=O,New_Unique
73,extracted_monomers_gpt4o_mini_mix-u.csv,93,C=C(C)C(=O)OCCOC1OC1COC(=O)C(=C)C,C=CCNC(=O)OCC(COC(=C)CCS(N)(=O)=O)OC(=O)NCC=C,New_Unique
74,extracted_monomers_gpt4o_mini_mix-u.csv,94,C=C(CC(=O)OCCOCOC(=C)C(=C)C)OCOCCOC(=O)C(=C)C,C=CCOCC(CO)(COCC=C)COCC=C,New_Unique
75,extracted_monomers_gpt4o_mini_mix-u.csv,95,CC(C)(C1=CC=C(OCC(O)COC2CCC(C(C)(C)C3CCC(OCC4CO4)CC3)CC2)CC1)c1ccc(OCC2CO2)cc1,O=C(OCCn1c(=O)n(CC(=O)OCC)cn1C)CC(=O)OCC,New_Unique
76,extracted_monomers_gpt4o_mini_mix-u.csv,96,C=C(C)C(=O)OCCOCCOCCOCCOCCOCCOCCOCCOC(=O)C(C)=O,C=C(CCS)tbc(C=C)C(=O)OCCS,New_Unique
77,extracted_monomers_gpt4o_mini_mix-u.csv,97,C=C(C)C(=O)OCCOCCOCCOCCOCCOCCOCCOCCOC(=O)C(=C)C,C=C(C)C(=O)OCCOCCOCCOCCOCCOCCOCCOCCOCCOCCOCCOCCOCCOCCOCCOCCOCCOCC(C)=O,New_Unique
78,extracted_monomers_gpt4o_mini_mix-u.csv,98,C=C(C)C(=O)OCCOCCOCCOCCOCCOCCOCCOCCOC(=O)C(=C)C,CC(=O)OCC(CO)(CO)CO,New_Unique
79,extracted_monomers_gpt4o_mini_mix-u.csv,100,C=C(C)C(=O)OCCOCCOCCOCCOCCOCCOCCOCCOCCOCCOCCOCCOCCOCCOCCOCCOCCOCCOCCOCCOCCOCCOCCOCCOC(=O)C(=C)C,CC(O)COC(C)COC(C)COC(C)COC(C)COC(C)COC(C)COC(C)COC(C)COC(C)COC(C)COC(C)COC(C)COC(C)COC(C)COC(C)COC(C)COC(C)COC(C)COC(C)COC(C)COC(C)COC(C)COC(C)COC(C)COC(C)COC(C)COC(C)COC(C)COC(C)COC(C)COC(C)COC(C)COC(C)COC(C)COC(C)COC(C)COC(C)COC(C)COC(C)COC(C)COC(C)COC(C)COC(C)COC(C)COC(C)COC(C)COC(C)COC(C)COC(C)(C)C,New_Unique
80,extracted_monomers_gpt4o_mini_mix-u.csv,102,C=C(C)OCCn1c(=O)n(CCOC(=O)C(C)=O)c(=O)n(CCOC(=O)C(C)=O)c1C,CC(O)CC(O)CC(O)CC(O)COC(C)CC(O)CC(O)CC(O)CC(O)COC(C)C(O)CC(O)CC(O)CC(O)COC(C)(C)C,New_Unique
81,extracted_monomers_gpt4o_mini_mix-u.csv,103,C=CCn1c(=O)n(CC=C)c(=O)n(CC=C)c1=O,CC(C)(C)N,New_Unique
82,extracted_monomers_gpt4o_mini_mix-u.csv,104,CC(C)(c1ccc(OCC2CO2)cc1)c1ccc(OCC2CO2)cc1,CC(C)(C)N,New_Unique
83,extracted_monomers_gpt4o_mini_mix-u.csv,106,C=C(C)C(=O)OCCOCCOCCOCCOCCOCCOCCOCCOCCOCCOCCOCCOCCOCCOCCOCCOC(=O)C(=C)C,CCOCCOCCOCCOCCOCCOCCOCCOCCOCCOCCOCCOCCOCCOCCOCCOCCOC(C)COC(C)COC(C)COC(C)COC(C)COC(C)COC(C)COC(C)COC(C)COC(C)COCCOCCOCCOCCOCCOCCOCCOCCOCCOCCOCCOCCOCCOC(C)COC(C)COC(C)COC(C)COC(C)COC(C)COC(C)COC(C)COC(C)COC(C)COCCOCCOCCOCCOCCOCCOCCOCCOCCOCCOCCOCCOCCOCCOC(C)COC(C)COC(C)COC(C)COC(C)COC(C)COC(C)COC(C)COC(C)COC(C)COC(C)COC(C)(C)C,New_Unique
84,extracted_monomers_gpt4o_mini_mix-u.csv,107,CC(C)(c1ccc(OCCOCC2CO2)cc1)c1ccc(OCCOCC2CO2)cc1,CC(C)(C)N,New_Unique
85,extracted_monomers_gpt4o_mini_mix-u.csv,108,C=CCc1cccc(C=C)c1,CC(C)(C)C(=O)OCCOCCOCCOCCOCCOCCOCCOCCOCCOCCOCCOCCOCCOCCOCCOCCOCCOCCOCCOCCOCCOCCOCCOCCOCCOCCOCCOCCOC(=O)NCC(C)CC(NC(=O)OCC(OCC(O)COC(=O)NCC(C)CC(OCC(C)(C)C(=O)OCC(C)CC(OCC(C)(C)C(=O)OCC(C)CC(OCC(C)(C)C(=O)OCC(C)CC(OCC(C)(C)C(=O)OCC(C)CC(OCC(C)(C)C(=O)OCC(C)CC(OCC(C)(C)C(=O)OCC(C)CC(OCC(C)(C)C(=O)OCC(C)CC(OCC(C)(C)C(=O)OCC(C)CC(OCC(C)(C)C(=O)OCC(C)CC(OCC(C)(C),New_Unique
86,extracted_monomers_gpt4o_mini_mix-u.csv,109,C=C(C)C(=O)OCCOCCOCCOCCOCCOCCOCCOCCOC(=O)C(=C)C,CCOCCOCCOCCOCCOCCOCCOCCOCCOCCOCCOCCOCCOCCOCCOCCOCCOCCOCCOCCOCCOCCOCCOCCOCCOCCOCCOCCOCCOCCOCCOCCOCCOCCOCCOCCOCCOCCOCCOCCOCCOCCOCCOCCOCCOCCOCCOCCOCCOCCOCCOCCOCCOCCOCCOCCOCCOCCOCCOCCOCCOCCOCCOCCOCCOCCOCCOCCOCCOCCOCCOCCOCCOCCOCCOCCOCCOCCOCCOCCOCCOCCOCCOCCOCCOCCOCCOCCOCCOCCOCCOCCOCCOCCC(=O)OCCOCCOCCOCCOCCOCCOCCOCCOCCOCCC(=O)OCCOCCOCCOCCOCCOCCOCCOCC=O,New_Unique
87,extracted_monomers_gpt4o_mini_mix-u.csv,110,CC(C)(c1ccc(OCC2CO2)cc1)c1ccc(OCC2CO2)cc1,CC1CC(O)(CO)CC1(C)C,New_Unique
88,extracted_monomers_gpt4o_mini_mix-u.csv,111,C=C(C)C(=O)OCCOCCOCCOCCOCCOCCOCCOCCOC(=O)C(=C)C,C=C(C)C(=O)OCCOCCOCCOCCOCCOCCOCCOCCOC(=O)C(=C)C,New_Unique
89,extracted_monomers_gpt4o_mini_mix-u.csv,112,C=C(C)C(O)Cc1cccc(O)c1,C=C(CCS)OCCN1C(=O)N(CCS)C(=O)N(CCS)C(=O)N(CCS)C1=O,New_Unique
90,extracted_monomers_gpt4o_mini_mix-u.csv,113,C=C(C)C(=O)OCCOCCOCCOCCOCCOCCOCCOCCOC(=O)C(=C)C,NCc1cccc(CN)c1,New_Unique
91,extracted_monomers_gpt4o_mini_mix-u.csv,114,C=C(CC(=O)OCCOC(=C)CC(=O)OCCOC(=C)C(=C)C)OCCOC(=O)CCOC(=O)CCOC(=O)CCOC(=O)CCOC(=O)CCOC(=O)CCOC(=O)CCOC(=O)CCOC(=O)CCOC(=O)CCOC(=O)CCOC(=O)CCOC(=O)CCOC(=O)CCOC(=O)CCOC(=O)CCOC(=O)CCOC(=O)CCOC(=O)CCOC(=O)CCOC(=O)CCOC(=O)CCOC(=O)CCOC(=O)CCOC=O,CCOCCOCCOCCOCCOCCOCCOCCOCCOCCOCCOCCOCCOCCOCCOCCOCCOCCOCCOCCOCCOCCOCCOCCOCCOCCOCCOCCOCCOCCOCCOCCOCCOCCOCCOCCOCCOCC,New_Unique
92,extracted_monomers_gpt4o_mini_mix-u.csv,115,C=C(C)C(=O)OCCOCCOCCOCCOCCOCCOCCOCCOCCOCCOCCOCCOCCOCCOCCOCCOCCOCCOCCOCCOCCOCCOCCOCCOC(=O)C(=C)C,CCCCCOC(=O)CCC,New_Unique
93,extracted_monomers_gpt4o_mini_mix-u.csv,116,CC(C)(c1ccc(OCC2CO2)cc1)c1ccc(OCC2CO2)cc1,CC(N)COCC(C)OCC(C)OCC(C)N,New_Unique
94,extracted_monomers_gpt4o_mini_mix-u.csv,117,C=C(C)C(=O)OCCOCCOCCOCCOCCOCCOCCOCCOC(=O)C(=C)C,CCCOCCOCCOCCOCCOCCOCCOCCOCCOCCOCCOCCOCCOCCOCCOCCOCCOCCOCCOCCOCCOCCOCCOC(C)(C)COCCOCCOCCOCCOCCOCCOCCOCCOC(C)(C)COCCOCCOCCOCCOCCOCCOC(C)(C)COCCC(=O)OCCC(=O)OCCC(=O)OCCC(=O)OCCC(=O)OCCC(=O)OCCC(=O)OCCC(=O)OCCC(=O)OCCC(=O)OCCC(=O)OCCC(=O)OCCC(=O)OCCOCCOCCOCCOCCOCCOCCOCCOCCOCCOCCOCCOCCOCCOCCOCCOC(C)(C)COCCC(=O)OCC(CC)(COC(=O)CC)COC(=O)CC,New_Unique
95,extracted_monomers_gpt4o_mini_mix-u.csv,118,C=C(C)C(=O)OCCOC(=O)C(=C)C,CC(C)(cccc2CC2)c1ccc(Oc3ccc(C(C)(C)C)cc3)cc1,New_Unique
96,extracted_monomers_gpt4o_mini_mix-u.csv,119,CC(C)(c2ccc(OCC1CO1)c2)c4ccc(OCC3CO3)c4,CC(C)(C)N,New_Unique
97,extracted_monomers_gpt4o_mini_property-u.csv,1,CC(C)(c1ccc(OCC2CO2)cc1)c1ccc(OCC2CO2)cc1,CC1(C)CC(N)CC(C)(CN)C1,New_Unique
98,extracted_monomers_gpt4o_mini_property-u.csv,3,C=C(C)C(=C)OCOCCOC(=O)C(=C)C,C=C(C)C(=O)OCCOCCOCCOCCOCCOCCOCCOCCOCCOCCOCCOCCOCCOCCOCCOCCOCCOCCOCCOCCOCCOCCOCCOCCOCCOCCOCCOCCOCCOCCOCCOCCOCCOCCOCCOCCOCCOCCOCCOCCOCCOCCOCCOCCOCCOCC(C)=O,New_Unique
99,extracted_monomers_gpt4o_mini_property-u.csv,6,CC(C)(c2ccc(OCCOCCOCCOCCOCC1)cc1)cc4OCCOCCOCCOCC3/c2ccc(OC4CCN4CC(OCC3)(OCC3)CC4)cc1,NCc1cccc(CN)c1,New_Unique
100,extracted_monomers_gpt4o_mini_property-u.csv,9,CC(C)(c1ccc(OCC2CO2)cc1)c1ccc(OCC2CO2)cc1,NCCCOCCOCCCN,New_Unique
101,extracted_monomers_gpt4o_mini_property-u.csv,10,CC(C)(c1ccc(OCC2CO2)cc1)c1ccc(OCC2CO2)cc1,CC(N)COCC(C)OCC(C)OCC(C)OCC(C)N,New_Unique
102,extracted_monomers_gpt4o_mini_property-u.csv,11,CCCCCCCCCCC1OC1CCCCCCCCCC(=O)OC(=O)CCCCCCCCCC1OCC(COC(=O)CCCCCCCCCC1OCC(OCC(OCC3OCC(C)C(C)O3)OCC2OCC2C(=O)OCC4OCC(CO4)CO4)CO2)CO1,CC(C)(C)N,New_Unique
103,extracted_monomers_gpt4o_mini_property-u.csv,12,CC(=O)OCCOCCOCCOCCOCCOCCOCCOCCOCCOCCOCCOCCOCCOCCOCCOCCOCCOCCOCCOCCOCCOC(C)=O,CCCCCCCCC(=O)OCC(CC)(COC(=O)CC(C)C)COC(=O)CC(C)COC(=O)CC(C)COC(=O)CC(C)COC(=O)CC(C)COC(=O)CC(C)COC(=O)CC(C)COC(=O)CC(C)COC(=O)CC(C)COC(=O)CC(C)COC(=O)CC(C)COC(=O)CC(C)COC(=O)CC(C)OCC(C)(CC)OCCOCCOCCOCCOCCOCCOCCOCCOCCOCCOCCOCCOCCOCCOCCOCCOCCOCCOCCOCCOCCOCCOCCOCCOCCOCCOCCOCCOCCOCCOCCOCCOCCOCCOCCOCCOCCOCCOCC,New_Unique
104,extracted_monomers_gpt4o_mini_property-u.csv,13,CC(C)(c2ccc(OCCOCCOCCOC1CCC1)cc2)c4ccc(OCCOCCOCCOCCOCCOCCOCCOCCOCCOCCOCCOCCOCCOCCOCCOCCOCCOCCOCCOCCOCCOCCOCCOCCOCCOCCOCCOCCOCCOCCOCCOCCOCCOCCOCCOCC(C)OCC(C)OCC(C)OCC(C)OCC(C)OCC(C)OCC(C)OCC(C)OCC(C)OCC(C)OCC(C)OCC(C)OCC(C)OCC(C)OCC(C)OCC(C)cccc(OCCOCCOCCOCC(O)Cc5ccc(C(C)(C)C)cc5)cc4,CC1(C)CC2(C)CC1C(=O)OC2(C)C,New_Unique
105,extracted_monomers_gpt4o_mini_property-u.csv,14,C=C(C)C(=C)OCOCCOC(=O)C(=C)C,C=C(C)C(=C)OCOCCOC(=O)C(=C)C,New_Unique
106,extracted_monomers_gpt4o_mini_property-u.csv,15,CC(C)(C1CCC(OCC(O)COC2CCC(C(C)(C)C3CCC(OCC4CO4)CC3)CC2)CC1)C1CCC(OCC2CO2)CC1,NCCCOCCOCCCN,New_Unique
107,extracted_monomers_gpt4o_mini_property-u.csv,16,C=C(C)C(=C)OCOCCOC(=O)C(=C)C,C=C(C)C(=O)OC(C)(C)C,New_Unique
108,extracted_monomers_gpt4o_mini_property-u.csv,18,CC(C)(c1ccc(OCC2CO2)cc1)c1ccc(OCC2CO2)cc1,CCN(CC)CCcccc(OCCOCCOCCOCCOCCOCCOCCOCCOCCOCCOCCOCCOCCOCCOCCOCCOCCOCCOCCOCCOCCc2ccc(OCCc3ccc(N(CC)CC)cc3)cc2,New_Unique
109,extracted_monomers_gpt4o_mini_property-u.csv,19,OC(\C=C\OCCOC(=O)C(C)(C)C)(c2ccc(OCCOC(=O)C(C)(C)C)cc2)cc4OC(c3ccc(OCCOC(=O)C(C)(C)C)cc3)CC4,CC(C)(C)N,New_Unique
110,extracted_monomers_gpt4o_mini_property-u.csv,20,C=CC(=O)OC(C=C)(C=C)C(C)(C)OCCOCCOCCOCCOCCOCCOCCOCCOCCOCCOCCOCCOCCOCCOCCOCCOCCOCCOCCOCCOCCOCCOCCOCCOCCOCCOCCOCCOCCOCCOCCOCCOCCOCCOCCOCCOCCOCCOCCOCCOCCOCCOCCOC(=O)C(C=C)C(=O)OCCOCCOCCOCCOCCOCCOCCOCCOCCOCCOCCOCCOCCOCCOCCOCCOC(=O)C(C)(C)C=C,C=C(C)C(=C)OCC(COC(C)=O)(COC(C)=O)COC(C)=O,New_Unique
111,extracted_monomers_gpt4o_mini_property-u.csv,21,CC(C)(c1ccc(OCCOCCOCCOCC2CO2)cc1)c1ccc(OCCOCCOCCC2CCO2)cc1,NCCCN,New_Unique
112,extracted_monomers_gpt4o_mini_property-u.csv,23,C=CC(=O)OC(C)(C)C,C=CCOCc2ccc(C=C)cc1OCC1=c2,New_Unique
113,extracted_monomers_gpt4o_mini_property-u.csv,24,CC(C)(c1ccc(OCCOCCOCCC2CO2)cc1)c1ccc(OCCOCCC2CO2)cc1,CC(C)(C)N,New_Unique
114,extracted_monomers_gpt4o_mini_property-u.csv,25,CC12CCCCC(CC1)CN(CC1CC1)C1CC1CN(CC1CC1)C1CC1CNS(=O)(=O)CO2,CCC(CC)(CC)OCC(CC)(COC(CC)(CC)OCC(OCC(C)COC(C)(C)OCC(C)OCC(C)OCC1(C)CO1)C(=O)NCC(C)CC(OCC(C)CC(C(=O)NCC(C)CC(OCC(C)CC(C(=O)NCC(C)CC(OCC(C)CC(C(=O)NCC(C)CC(OCC(C)CC(C(=O)NCC(C)CC(OCC(C)CC(C(=O)NCC(C)CC(OCC(C)CC(C(=O)NCC(C)CC(OCC(C)CC(C(=O)NCC(C)CC(OCC(C)CC(C(=O)NCC(C)CC(OCC(C)CC(C(=O)NCC(C)CC(OCC(C)CC(C(=O)NCC(C)CC(OCC(C)CC(C(=O)N,New_Unique
115,extracted_monomers_gpt4o_mini_property-u.csv,32,c1ccc(N(CC2CO2)CC2CO2)cc1,CCC(CO)(COCC(C)N)COCC(C)COCC(C)COCC(C)COCC(C)COCC(C)COCC(C)COCC(C)N,New_Unique
116,extracted_monomers_gpt4o_mini_property-u.csv,36,CC(C)(c1ccc(OCC2CO2)cc1)c1ccc(OCC2CO2)cc1,CCC(COCC(C)COCC(C)N)(COCC(C)OCC(C)N)COCC(C)OCC(C)N,New_Unique
117,extracted_monomers_gpt4o_mini_property-u.csv,39,CC(C)(c1ccc(OCC2CO2)cc1)c1ccc(OCC2CO2)cc1,CCCCCCCCCN,New_Unique
118,extracted_monomers_gpt4o_mini_property-u.csv,41,c1cc(N(CC2CO2)CC2CO2)ccc1N(CC1CO1)CC1CO1,CC(N)CC(CC(C)N)(CC(C)N)C(C)(CN)CC1(C)C(C)(C)CC(N)CC1(C)CN,New_Unique
119,extracted_monomers_gpt4o_mini_property-u.csv,43,CC(COc1ccc(C(C)(C)c2ccc(OCC(C)OCC3CO3)cc2)cc1)OCC1CO1,Nc2ccc(Cc1=CN(CC1)CC2=CN(CC2)CC3=CN(CC3)CC4=CN(CC4)CC(=C)Ccccc(Ncccc(Cc7=CN(CC7)CC8=CN(CC8)CC9=CN(CC9)CC(=C)Ccccc(Ncccc(Cc12=CN(CC12)CC13=CN(CC13)CC14=CN(CC14)CC(=C)Ccccc(Ncccc(Cc17=CN(CC17)CC18=CN(CC18)CC19=CN(CC19)CC(=C)Ccccc(Ncccc(Cc22=CN(CC22)CC23=CN(CC23)CC24=CN(CC24)CC(=C)Ccccc(Ncccc(Cc27=CN(CC27)CC28=CN(CC28)CC29=CN(CC29)CC(=C)Ccccc(Ncccc(Cc32=CN(CC32)CC33=CN(CC33)CC=CN(CC,New_Unique
120,extracted_monomers_gpt4o_mini_property-u.csv,44,O=C(OCC1CO1)C1CC2OC2CC1OCC1CO1,CC(N)COCC(C)OCC(C)OCC(C)OCC(C)OCC(C)OCC(C)N,New_Unique
121,extracted_monomers_gpt4o_mini_property-u.csv,45,O=C(OCC1CO1)C1CC2OC2CC1OCC1CO1,CCC(N)COC(CC)COC(CC)COC(CC)COC(CC)COC(C)COC(C)COC(C)COC(C)COC(CC)COC(CC)COC(=O)NC(C)(C)CNC(=O)OCC(CC)OCC(CC)OCC1CO1,New_Unique
122,extracted_monomers_gpt4o_mini_property-u.csv,46,Cc1cc(Cc2c(C)cc(OCC3CO3)cc2C)cc(OCC2CO2)c1,CCC(N)COCC(C)OCC(C)OCC(C)OCC(C)OCC(C)OCC(C)OCC(C)N,New_Unique
123,extracted_monomers_gpt4o_mini_property-u.csv,47,CC(C)(C)N,CCCCc1cccc(C(=O)OCCCC)(c1=O),New_Unique
124,extracted_monomers_gpt4o_mini_property-u.csv,48,CC(C)(c1ccc(OCC2CO2)cc1)c1ccc(OCC2CO2)cc1,CCOCCOCCOCCOCCOCCOCCOCCOCCOCCOCCOCCOCCOCCN,New_Unique
125,extracted_monomers_gpt4o_mini_property-u.csv,49,CC(C)(c1ccc(OCCOCC2CO2)cc1)c1ccc(OCCOCC2CO2)cc1,CC(N)COCC(CC)(CO)COC(CC)(COC(=O)CC)(COC(=O)CC)COC(=O)CC,New_Unique
126,extracted_monomers_gpt4o_mini_property-u.csv,50,c2ccc1c(=O)c3cc(CC1=c2)c(=O)n3Cc4ccc(N(CCc3=O)CCc2=O)cc4,NCc1ccc(Cc2ccc(Nc3cccc(Cc4ccc(Nc5cccc(Cc1)cc5)cc4)cc3)cc2)cc,New_Unique
127,extracted_monomers_gpt4o_mini_property-u.csv,53,CC(C)(c1ccc(OCCOCC2CO2)cc1)c1ccc(OCCOCC2CO2)cc1,CC1(C)CC(N)CC(C)(CN)C1(C)C,New_Unique
128,extracted_monomers_gpt4o_mini_property-u.csv,54,CC(C)(c1ccc(OCCOCC2CO2)cc1)c1ccc(OCCOCC2CO2)cc1,Nc1cccc(S(=O)(=O)c2cccc(N)c2)c1,New_Unique
129,extracted_monomers_gpt4o_mini_property-u.csv,55,C=C(C)C(=C)OCOCCOC(=O)C(=C)C,C=C(C)C(=O)OCCOCCOCCOCCOCCOCCOCCOCCOCCOCCOCCOCCOCCOCCOCCOCCOCCOCCOCCOCCOCCOCCOCCOCCOCCOCCOCCOCCOCCOCCOCCOCCOCCOCCOCCOCCOCCOCCOCCOCCOCCOCCOCCOCCOCCOCCOCCOCCOCCOCCOCCOCCOCCOCCOCCOCCOCCOCCOCCOCCOCCOCCOCCOCCOCCOCCOCCOCCOCCOCCOCCOCCOCCOCCOCCOCCOCCOCCOCCOCCOCCOCCOCCOCCOCCOCCOCCOCCOCCOCCOCCOCCOCCOCCOCCOCCOCCOCCOCCOCCOCCOCCOCCOCCOCCOCCOCCOCCOCCOCCOCCOCCOCCOCCOCCOCCOCCOCCOCCOCCOCCOCCO,New_Unique
130,extracted_monomers_gpt4o_mini_property-u.csv,61,c1cc(N(CC2CO2)CC2CO2)ccc1N(CC1CO1)CC1CO1,NCCOCCOCCN,New_Unique
131,extracted_monomers_gpt4o_mini_property-u.csv,62,CC(C)(c1ccc(OCC2CO2)cc1)c1ccc(OCC2CO2)cc1,Nc1ccc(Cc2cccc(Nc2)c1)cc3cccc(Nc3Cc6cccc(Nc5CCCC5)cc6)N,New_Unique
132,extracted_monomers_gpt4o_mini_property-u.csv,63,C=C(C)C(=C)OCOCCOC(=O)C(=C)C,C=CC(=O)OCCn1c(=O)n(CCOC(=C)C(=C)C)c(=O)n(CCOC(=O)C=C)c1=O,New_Unique
133,extracted_monomers_gpt4o_mini_property-u.csv,64,CC(C)(c1ccc(OCCOCCC2CO2)cc1)c1ccc(OCCOCC2CO2)cc1,NCc1cccc(CN)c1,New_Unique
134,extracted_monomers_gpt4o_mini_property-u.csv,65,CC(C)(c2ccc(OCCOCCOCCOC1CO1)cc2)c4ccc(OCCOCCOCCOCCOCCOCCOCCOCCOCCOCCOCCOCCOCCOCCOCCOCCOCCOCCOCCOCCOCCOCCOCCOCCOCCOCCOCCOCCOCCOCCOCCOCCOCCOCCOCCOCCOCCOCCC(c3ccc(OCCOCCOCCOCC(O)CC1CO1)CC3)CC4,NCCOCCOCCOCCOCCN,New_Unique
135,extracted_monomers_gpt4o_mini_property-u.csv,66,CCOCCOCCOCCOCCOCCOCCOCCOc1ccc(C(C)(C)c2ccc(OCCOCCOCCOCC)cc2)cc1,O=c1n(CCS)c(Nc2ccc(S(=O)(=O)cccc(C(=O)OCC(C)C(C)C(=O)OCC(C)C(=O)OCC(C)C(=O)OCC(C)C(=O)OCC(C)C(=O)N(c5ccc(S(=O)(=O)OCC(C)C(=O)OCC(C)C(=O)OCC(C)C(=O)OCC(C)C(=O)N(CCS)CCS)c5)cc)c2c1OCC(C)(C)OCC(C)(C)OCC(C)(C)OCC(C)(C)OCC(C)(C)N(CCS)CCS,New_Unique
136,extracted_monomers_gpt4o_mini_property-u.csv,67,CC(C)(c2cccc(OCC1CO1)c2)c4ccc(OCC3CO3)c(=O)c6ccc(OCC4CO4)c(=O)c3ccc(OCC2CO2)c(=O)c6c,Nc1ccc(Cc1)CC(N)COC(CC(N)C)CC(N)COc2ccc(CC(N)COc3ccc(N)cc3)cc2,New_Unique
137,extracted_monomers_gpt4o_mini_property-u.csv,70,c1cc(N(CC2CO2)CC2CO2)ccc1N(CC1CO1)CC1CO1,CC(N)COCC(C)OCC(C)OCC(C)OCC(C)OCC(C)OCC(C)OCC(C)OCC(C)OCC(C)N,New_Unique
138,extracted_monomers_gpt4o_mini_property-u.csv,71,O=C(OCC1CO1)C4CC3(C(=O)OCC2CO2)CC(=C)C4(C)C3(=C)C(=O)OCC6CO6,CC(N)COCC(C)OCC(C)OCC(C)OCC(C)OCC(C)N,New_Unique
139,extracted_monomers_gpt4o_mini_property-u.csv,72,CC(C)(C1CCC(OCC(O)COC2CCC(C(C)(C)C3CCC(OCC4CO4)C3)CC2)CC1)C1CCC(OCC2CO2)CC1,CC(N)COCC(C)OCC(C)OCC(C)OCC(C)OCC(C)N,New_Unique
140,extracted_monomers_gpt4o_mini_property-u.csv,73,CCC(CC)(c1ccc(OCC(O)COc2ccc(C(C)(C)c4ccc(OCC(O)COc3ccc2)ccc4)ccc3)ccc2)ccc1,CC(C)(C)c1ccc(OCC(O)COc3cccc(C(C)(C)c2ccc(OCC(O)COc1)ccc2)ccc3)ccc4OCC(O)COc4,New_Unique
141,extracted_monomers_gpt4o_mini_property-u.csv,75,CC(C)(c1ccc(OCCOCCOCCOCC2CO2)cc1)c1ccc(OCCOCCOCCOCC2CO2)cc1,CC(N)COCC(C)OCC(C)OCC(C)N,New_Unique
142,extracted_monomers_gpt4o_mini_property-u.csv,77,CC(C)(c1ccc(OCCOCCOCCOCC2CO2)cc1)c1ccc(OCCOCCOCCOCC2CO2)cc1,CC(C)(C)N,New_Unique
143,extracted_monomers_gpt4o_mini_property-u.csv,86,CC(C)(c1ccc(OCC2CO2)cc1)c1ccc(OCC2CO2)cc1,CCCCCCCCCCCCN,New_Unique
144,extracted_monomers_gpt4o_mini_property-u.csv,89,C=C(C)C(=O)OCCOCCOCCOCCOCCOCCOCCOCCOCCOCCOCCOCCOCCOCCOCCOCCOCCOC(=O)C(=C)C,C=C(CCS)OCC(C)OCC(C)OCC(C)OCC(C)OCC(C)OCC(C)OCC(C)OCC(C)OCC(C)OCC(C)OCC(C)OCC(C)OCC(C)OCC(C)OCC(C)OCC(C)S,New_Unique
145,extracted_monomers_gpt4o_mini_property-u.csv,90,CC(C)(c1ccc(OCC2CO2)cc1)c1ccc(OCC2CO2)cc1,CC(N)CO,New_Unique
146,extracted_monomers_gpt4o_mini_property-u.csv,93,CC(C)(c1ccc(OCC2CO2)cc1)c1ccc(OCC2CO2)cc1,CCCC(=O)OCC(CC)(COC(=O)CCS)COC(=O)CCS,New_Unique
147,extracted_monomers_gpt4o_mini_property-u.csv,94,Cc2cccc1c2C(=O)OC(=O)Cc2ccc(OCC1CO1)c2CCc2ccc(OCC3CO3)c2OCC4CO4,Nc1c(S)n(S)c1n(S)c2c(N)n(S)c1c1c(N)n(S)c2c(S)n(S)c1N,New_Unique
148,extracted_monomers_gpt4o_mini_property-u.csv,95,C=CC(=O)OC(C=C)C(=O)OCC(C)=OCC(C)=OCC(C)(C)C,CC(=O)NCC1(C)CCC(NC(=O)CC2(C)CC(N)C2)CC(C)CC(NC(=O)CC2(C)CC(NCC(=O)OCC3(C)CC(N)C3)C2)C1,New_Unique
149,extracted_monomers_gpt4o_mini_property-u.csv,97,Nc2ccc(OCC1CO1)c2Cc4ccc(Nc3ccc(OCC4CO4)c3)cc1,CC1(C)CC(N)CC(C)(CN)C1,New_Unique
150,extracted_monomers_gpt4o_mini_property-u.csv,98,CC(C)(c1ccc(OCCOCCOCCCOCC2CO2)cc1)c1ccc(OCCOCCOCCCOCC2CO2)cc1,CCSCCn1c(=O)n(CCSCC)c(=O)n(CCSCC)c1=O,New_Unique
151,extracted_monomers_gpt4o_mini_property-u.csv,104,CC(C)(c1ccc(OCCOCCOCCOCCOCCOCCOC2CC2)cc1)c1ccc(OCCOCCOCCOC2CC2)cc1,NCCCOCCCOCCCOCCCN,New_Unique
152,extracted_monomers_gpt4o_mini_property-u.csv,106,CC(C)(c1ccc(OCCOCCOCCOCC2CCC2)cc1)c1ccc(OCCOCCOCCOCC2CCC2)cc1,CC(N)COCC(C)OCC(C)OCC(C)N,New_Unique
153,extracted_monomers_gpt4o_mini_property-u.csv,109,CC(=O)OCCnc(=O)n(CCOC(=O)C(C)C(C)(C)C)CN(CCOC(=O)C(C)C(C)(C)C)CCOC(=O)C(C)C(C)(C)C,CC(C)(C)N,New_Unique
154,extracted_monomers_gpt4o_mini_property-u.csv,111,CC(C)(c1ccc(OCC2CO2)cc1)c1ccc(OCC2CO2)cc1,NCCN(CCN(C)CCN(CCN(C)CCN(C)CCN(CCN(C)CCN(C)CCN(C)CCN(C)CCN(CCN(C)CCN(C)CCN(C)CCN(C)CCN(C)CCN(C)CCN(C)CCN(C)CCN(C)CCN(C)CCN(C)CCN(C)CCN(C)CCN(C)CCN(C)CCN(C)CCN(C)CCN(C)CCN(C)CCN(C)CCN(C)CCN(CCN(C)CCN(C)CCN(C)CCN(C)CCN(C)CCN(CCN(C)CCN(C)CCN(C)CCN(C)CCN(C)CCN(CCN(C)CCN(C)CCN(C)CCN(C)CCN(C)CCN(CCN(C)CCN(C)CCN(C)CCN(C)CCN(C)CCN(CCN(C)CCN(C)CCN(C)CCN(C)CCN(C)CCN(CCN(C)CCN(C)CCN(C)CCN(C)CCN(C),New_Unique
155,extracted_monomers_gpt4o_mini_property-u.csv,112,CCCC(c3ccc(OCCOCCOCCOCC)(c2ccc(OCCOCCOCCOCC)cc2)cc3)CCc6ccc(OCCOCCOCCOCC)cc6,NCCC(CN)c1ccc(CN)cc1CN,New_Unique
156,extracted_monomers_gpt4o_mini_property-u.csv,113,C=C(C)C(=C)OCOCCOC(=O)C(=C)C,C=C(CCS)OCC(COC(=O)CCS)(COC(=O)CCS)COC(=O)CCSC(=O)NCC1(C)CC(NC(=O)SCCC(=O)OCC(COC(=O)CCS)(COC(=O)CCS)COC(=O)CCS)CC(=O)N1,New_Unique
157,extracted_monomers_gpt4o_mini_property-u.csv,114,CC(C)(C1CCC(OCC(O)COC2CCC(C(C)(C)C3CCC(OCC4CO4)C3)CC2)CC1)C1CCC(OCC2CO2)CC1,CC(C)N,New_Unique
158,extracted_monomers_gpt4o_mini_property-u.csv,115,CC(C)(c1ccc(OCC2CO2)cc1)c1ccc(OCC2CO2)cc1,CCNC(=O)OCC(C)CNC(=O)OCC(C)CNC(=O)OCC(C)CNC(=O)OCC(C)CNC(=O)OCC(C)CNC(=O)OCC(C)CNC(=O)OCC(C)CNC(=O)OCC(C)CNC(=O)OCC(C)CNC(=O)OCC(C)CNC(=O)OCC(C)CNC(=O)OCC(C)CNC(=O)OCC(C)CNC(=O)OCC(C)CNC(=O)OCC(C)CNC(=O)OCC(C)CNC(=O)OCC(C)CNC(=O)OCC(C)CNC(=O)OCC(C)CNC(=O)OCC(C)CNC(=O)OCC(C)CNC(=O)OCC(C)CNC(=O)OCC(C)CNC(=O)OCC(C)CN,New_Unique
159,extracted_monomers_gpt4o_mini_property-u.csv,116,CCC(=O)OCC(COC(C)=O)(COC(=O)CC)COC(=O)CC,CCC(CO)(COC(=O)C(CC)(CO)COC(=O)C(CC)(CO)COC(=O)C(CC)(CO)COC(=O)C(CC)(CO)COC(=O)C(CC)(CO)COC(=O)C(CC)(CO)COC(=O)C(CC)(CO)COC(=O)C(CC)(CO)COC(=O)C(CC)(CO)COC(=O)C(CC)(CO)COC(=O)C(CC)(CO)COC(=O)C(CC)(CO)COC(=O)C(CC)(CO)COC(=O)C(CC)(CO)COC(=O)C(CC)(CO)COC(=O)C(CC)(CO)COC(=O)C(CC)(CO)COC(=O)C(CC)(CO)COC(=O)C(CC)(CO)COC(=O)C(CC)(CO)COC(C)=O)C(=O)O,New_Unique
160,extracted_monomers_gpt4o_mini_property-u.csv,117,CC(C)(c1ccc(OCC2CO2)cc1)c1ccc(OCC2CO2)cc1,NCCN(CCN1CCCC1)CCN(CCN1CCCC1)CCN1CCCC1,New_Unique
161,extracted_monomers_gpt4o_mini_property-u.csv,118,CC(C)(c1ccc(OCCOCC2CO2)cc1)c1ccc(OCCOCC2CO2)cc1,NCc5ccc(Cc4ccc(N)c(OCC(O)COcccc(N)c)cc4)cc5,New_Unique
162,extracted_monomers_gpt4o_mini_property-u.csv,119,CC(C)(c1ccc(OCC2CO2)cc1)c1ccc(OCC2CO2)cc1,CCCl,New_Unique
163,extracted_monomers_gpt4o_mini_property-u.csv,120,c1ccc(OC2CO2)cc1,CC(C)N,New_Unique
164,extracted_monomers_gpt4o_mini_property-u.csv,122,CC(C)(c1ccc(OCC2CO2)cc1)c1ccc(OCC2CO2)cc1,CCCCCCCCCCCCCCCCCN,New_Unique
165,extracted_monomers_gpt4o_mini_group-u.csv,1,Cc1cc(OCCOCC2CO2)ccc1OCCOCC1CO1,CC1(C)CC(N)CC(C)(CN)C1,New_Unique
166,extracted_monomers_gpt4o_mini_group-u.csv,2,CC(C)(c1ccc(OCC2CO2)cc1)c1ccc(OCC2CO2)cc1,CC(N)COCC(C)COCC(C)COCC(C)COCC(C)COCC(C)N,New_Unique
167,extracted_monomers_gpt4o_mini_group-u.csv,3,COCC(COCCOCC1CO1)OC1CO1,CC1(C)CC(N)CC(C)(CN)C1,New_Unique
168,extracted_monomers_gpt4o_mini_group-u.csv,4,CC(C)(c1ccc(OCC2CO2)cc1)c1ccc(OCC2CO2)cc1,NCCNCCN(CCNCCC(CN)CCN)CCN(CCNCCN)CCN(CCN)CCN,New_Unique
169,extracted_monomers_gpt4o_mini_group-u.csv,6,Cc1cc(OCCOCC2CO2)ccc1OCCOCC1CO1,CCN(C)CCN1CC(C)C(=O)N(CCN(CC)CC)C1(C)C,New_Unique
170,extracted_monomers_gpt4o_mini_group-u.csv,7,Cc1ccc2cc(OCCOCCOCCOCCOCCOCCOCCOCCOCCOCCOCCOCCOCCOCCOCCOCCOCC2)c1Ccc(OCCOCCOCCOCCOCCOCCOCCOCCOCCOCCOCCOCCOCCOCCOCCOCCOCC3)c(OCCOCCOCCOCCOCCOCCOCCOCCOCCOCCOCCOCCOCCOCCOCCOCCOCC3)c(Cc2ccc(OCCOCCOCCOCCOCCOCCOCCOCCOCCOCCOCCOCCOCCOCCOCCOCCOCC1)cc2,NCCNCCN,New_Unique
171,extracted_monomers_gpt4o_mini_group-u.csv,9,CC(C)(c1ccc(OCC2CO2)cc1)c1ccc(OCC2CO2)cc1,CCC(N)COCC(C)OCC(C)OCC(C)OCC(C)OCC(C)OCC(C)OCC(C)OCC(C)N,New_Unique
172,extracted_monomers_gpt4o_mini_group-u.csv,10,Cccc(OCCOCCOC(=O)C(=O),OCCOCCOCCOCCOCCOCCOCCOCCOCCOCCOCCOCCOCCOCCOCCOCCOCCOCCOCCOCCOCCOCCOCCOCCOCCOCCOCCOCCOCCOCCOCCOCCOCCOCCOCCOCCOCCOCCOCCOCCOCCOCCOCCOCCOCCOCCOCCOCCOCCOCCOCCOCCOCCOCCOCCOCCOCCOCCOCCOCCOCCOCCOCCOCCOCCOCCOCCOCCOCCOCCOCCOCCOCCOCCOCCOCCOCCOCCOCCOCCOCCOCCOCCOCCOCCOCCOCCOCCOCCOCCOCCOCCOCCOCCOCCOCCOCCOCCOCCOCCOCCOCCOCCOCCOCCOCCOCCOCCOCCOCCOCCOCCOCCOCCOCCOCCOCCOCCOCCOCCOCCOCCOCCOCCOCCOCCOCCOCCOCCOCCOCCO,New_Unique
173,extracted_monomers_gpt4o_mini_group-u.csv,11,CC(C(C)C1CCC2NN(C(OC3CO3)C(OC3CO3)C(OC3CO3)C(OC3CO3)C(OC3CO3)C(OC3CO3)C(OC3CO3)C(CO)C3OCC3OCC3OC3C3CO3)CCN21)C(CC(C)N(C)C)N(C)C,CC1=C(C)N(CCN(CC)CC)C(=O)N1CC(C)C(=O)N1CCN(CCN2CCN(CCN(C)CC)(CCN2)CC)CCN1,New_Unique
174,extracted_monomers_gpt4o_mini_group-u.csv,12,Cc1cc(c2ccccc2)c(C(=O)OCCOCCOCCOCCOC(=O)C(=O)CCCCC(=O)OCCOCCOCCOCCOC(=O)C(=O)CCCCC(=O)OCCOCCOCCOCCOCC(=O)NCC1CO1)C(=O)OCCOCCOCCOCCOCC(=O)NCC1CO1,CC(N)COCC(C)OCC(C)OCC(C)N,New_Unique
175,extracted_monomers_gpt4o_mini_group-u.csv,13,Cc3cc(OCC1CO1)c2cc(Cc1ccc(OCC(O)COc4ccc(Cc5ccc(OCC(O)COc3ccc(2OC4)CC)CC5)CC7)CC6)cc1CC7 COCC(C)OCC(C)COcccc(OCC(C)COcccc(Cc4ccc(OCC(C)COc7ccc(Cc6ccc(OCC2CO2)CC5)CC4)CC3)CC)CC(C)COc9ccc(OCC8CO8)CC(C)c9,COCC(C)OCC(C)OCC(C)OCC(C)OCC(C)OCC(C)OCC(C)OCC(C)OCC(C)OCC(C)OCC(C)OCC(C)OCC(C)OCC(C)OCC(C)OCC(C)OCC(C)OCC(C)OCC(C)OCC(C)OCC(C)OCC(C)OCC(C)OCC(C)OCC(C)OCC(C)OCC(C)OCC(C)OCC(C)OCC(C)OCC(C)OCC(C)O,New_Unique
176,extracted_monomers_gpt4o_mini_group-u.csv,14,Cc1ccc2c(c1)c3ccccc3c2CC(OCC4CO4)CC(CC)COCC5CO5,CC1(C)CC(N)CC(C)(CN)C1,New_Unique
177,extracted_monomers_gpt4o_mini_group-u.csv,15,CC(C)(c1ccc(OCCOCCOCCOC2CC2)cc1)c1ccc(OCCOCCOCCOC2CC2)cc1,NCCNCCN(CCNCCC(CN)CCN)CCN(CCNCCN)CCN(CCN)CCN,New_Unique
178,extracted_monomers_gpt4o_mini_group-u.csv,16,Ccccc(OCC1CO1)c2ccc(Cc1ccc(OCC4CO4)cc1)cc2,CCC(N)CCOCCOCCCNC1(CC)C=CC(CCC2(N)C=CC(CCNCCCOCCOCCCN)=C2)=C1,New_Unique
179,extracted_monomers_gpt4o_mini_group-u.csv,18,CCC(CC2)(CC1)C3CC(C1-C(=O)OCC4CO4-C(=O)OCC(C)C(C)C(C)(C)C4CO4)C2CC3,O=c1nc(=O)n(c1=O)c3c(=O)n(c2c(=O)nc2=O)c3=O,New_Unique
180,extracted_monomers_gpt4o_mini_group-u.csv,20,CC(C)(c1ccc(OCCOCCOCCOCC2CCC2)cc1)c1ccc(OCCOCCOCCOCC2CCC2)cc1,NCCNCCN,New_Unique
181,extracted_monomers_gpt4o_mini_group-u.csv,21,c1cc(OCC1CO)ccc1CC(OCC2CO2)CC1,CC(N)COCC(C)OCC(C)OCC(C)N,New_Unique
182,extracted_monomers_gpt4o_mini_group-u.csv,22,CC1=CC(C)=c2cc(CC3CC3)oc2=CC(C)=C1C,CC(C)(c1ccc(NCC2CO2)cc1)c1ccc(NCC2CO2)cc1,New_Unique
183,extracted_monomers_gpt4o_mini_group-u.csv,23,CC1=CCC2COC3=CC=C(CC3)C(COC3CCC(C(=O)NCC(=O)OCC4CO4)CC3)COC2=C1,NCCCOCCCOCCCN,New_Unique
184,extracted_monomers_gpt4o_mini_group-u.csv,24,Cc3cc(c1cc(OCC2CO2)cc1O)cc(c3O)(c4cc(OCC6CO6)cc4OCCC(O)(CO)CO)CCS(=O)(=O)NCC5CO5,CC1(C)CC(N)CC(O)C1,New_Unique
185,extracted_monomers_gpt4o_mini_group-u.csv,25,Cc3ccc2Cc(=O)c1cc(OCc1cc2-c3)c(=O)C4=CC(=C(O4)C)C(=C)C(=O)OCC(c5ccc(OCC(=O)OCC)(c5)Cc6ccc(OCC(=O)OCC)(c6)C(=O)OCC(=O)OCC)C(=O)OCC(=O)OCC,NCC(C)N(CC)(CC)CC,New_Unique
186,extracted_monomers_gpt4o_mini_group-u.csv,26,C=C(C)C(=O)OCCOCCOCCOCCOCCOCCOCCOCCOCCOCCOCCOCCOCCOCCOCCOCCOCCOCCOCCOCCOCCOC(=O)C(=C)C,CCCCCCCCCCCSCCCCCCCCCCC,New_Unique
187,extracted_monomers_gpt4o_mini_group-u.csv,27,C=C(C)C(=O)OCCOCCOCCOCCOCCOCCOCCOCCOCCOCCOCCOCCOCCOCCOCCOCCOCCOCCOCCOCCOCCOC(=O)C(=C)C,CCC(CS)CC(CS)CC(CS)COC(=O)CC(=O)OCC(COCC(COCC(COCC1CO1)COCC1CO1)COCC1CO1)COC(=O)CC(=O)OCC(COCC1COC1)COCC(COCC1CO1)COCC1CO1,New_Unique
188,extracted_monomers_gpt4o_mini_group-u.csv,28,C=C(C)C(=C)OCOCCOC(=O)C(=C)C,C=C(C)C(=O)OCCOCCOCCOCCOCCOCCOCCOCCOCCOCCOCCOCCOCCOCCOCCOCCOCCOCCOCCOCCOCCOCCOCCOCCOCCOCCOCCOCCOCCOCCOCCOCCOCCOCCOCCOCC(C)=O,New_Unique
189,extracted_monomers_gpt4o_mini_group-u.csv,29,C=C(C)C(=O)OCCOCCOCCOCCOCCOCCOCCOCCOCCOCCOCCOCCOCCOCCOCCOCCOCCOC(=O)C(=C)C,CCCCCOC(=O)CCC,New_Unique
190,extracted_monomers_gpt4o_mini_group-u.csv,30,C=C(C)C(=C)OCOCCOC(=O)C(=C)C,CCCC(COC(=O)CC)(COC(=O)CC)COC(=O)CC,New_Unique
191,extracted_monomers_gpt4o_mini_group-u.csv,31,C=C(C)C(=O)OCCOCCOCCOCCOCCOCCOCCOCCOCCOCCOCCOCCOCCOCCOCCOCCOCCOC(=O)C(=C)C,CCCSCC(CC)(CSCCC)CSCCC,New_Unique
192,extracted_monomers_gpt4o_mini_group-u.csv,32,C=C(C)C(=O)OCCn1c(=O)n(C(=O)OCC)(C(=O)OCC)n(C(=O)OCC)c1=O,C=C(CCS)OCC(COC(=O)CCS)(COC(=O)CCS)COC(=O)CCS,New_Unique
193,extracted_monomers_gpt4o_mini_group-u.csv,34,C=C(C)C(=O)OCCOCCOCCOCCOCCOCCOCCOCCOC(=O)C(=C)C,CCCCCCCCCCCSCCCCCCCCCCC,New_Unique
194,extracted_monomers_gpt4o_mini_group-u.csv,35,C=C(C)C(=O)OCCn1c(=O)n(CCOC(=O)C(=C)C)cn(CCOC(=O)C(=C)C)c1=O,Cc1ccc(NCCOCCOCCN)cc1,New_Unique
195,extracted_monomers_gpt4o_mini_group-u.csv,36,C=C(C)C(=O)OCCn1c(=O)n(CCOC(=O)C(=C)C)cn(CCOC(=O)C(=C)C)c1=O,CC(CS)COC(=O)CCOC(=O)CCOC(=O)CCOC(=O)CCOC(=O)CCOC(=O)CCOC(=O)CCS,New_Unique
196,extracted_monomers_gpt4o_mini_group-u.csv,37,C=C(CC)(C)OCCn1c(=O)n(CCOC(=O)CC)c(=O)n(CCOC(=O)CC)c(=O)n1CCOCCOCCOCCOCCOCCOCCOCCOCCOCCOCCOCCOCCOCCOCCOCCOCCOCCOCCOCCOCCOCCOCCOCCOCCOCCOCCOCCOCCOCCOCCOCCOCCOCCOCCOCCOCCOCCOCCOCCOCCOC(=O)NCCS(=O)(=O)NCCOC(=O)CCOC(=O)CCOC(=O)CCOC(=O)CCOC(=O)CCOC(=O)CCOC(=O)CCOC(=O),CCOCCOCCOCCOCCOCCOCCOCCOCCOCCOCCOCCOCCOCCOCCOCCOCCOCCOCCOCCOCCOCCOCCOCCOCCOCCOCCOCCOCCOCCOCCOCCOCCOCCOCCOCCOCCOCCOCCOCCOCCOCCOCCOCCOCCO,New_Unique
197,extracted_monomers_gpt4o_mini_group-u.csv,38,C=C(C)C(=O)OCCn1c(=O)n(CCOC(=O)C(=C)C)cn1C,CCC(COCC(C)OCC(C)OCC(C)OCC(C)OCC(C)OCC(C)OCC(C)OCCOCCOCCOCCOCCOCCOCC(C)OCC(C)OCC(C)OCC(C)OCC(C)OCC(C)NCC(C)NCC(C)NCC(C)NCC(C)NCC(C)N,New_Unique
198,extracted_monomers_gpt4o_mini_group-u.csv,39,C=Cc1cccc(Oc3ccc(C=C)c(OCC)(c3)C(=O)OCC)c2c1Cc1ccc(Oc4ccc(C=C)c(OCC)(c4)C(=O)OCC)c2c1CCS1,CCC(CS)CC(CS)CC(CS)CC(COC(C)C(N)=O)COC(C)C(N)=O,New_Unique
199,extracted_monomers_gpt4o_mini_group-u.csv,40,C=C(C)C(=O)OCC(O)COc1ccc(C(C)(C)c2ccc(OCC(O)COC(=O)C(=C)C)cc2)cc1,CCC(CS)CC(CS)CC(CS)CC(CS)CCS,New_Unique
200,extracted_monomers_gpt4o_mini_group-u.csv,42,c1ccc2c3c(ccc2c1)OCCOCC3OCC1CO1,CCOC(=O)CC(=O)OCC(CS)CC(CS)CC(C)CS,New_Unique
201,extracted_monomers_gpt4o_mini_group-u.csv,43,C=CCC(=C)OCCN1C(=O)N(CCOC(=O)CC=C)C(=O)N(CCOC(=O)CC=C)C(=O)N1CCOC(=O)CC=C,CCC(CCS)(CCS)CCS,New_Unique
202,extracted_monomers_gpt4o_mini_group-u.csv,44,C=C(C)C(=O)OCCn1c(=O)n(C(=O)OCC(C)(C)C)SN1c(=O)C(=O)OCC(C)(C)C,CC(CCS)(CCS)CCOCCOCCOCCOCCOCCOCCOCCOCCOCCOCCOCCOCCOCCOCCOCCOCCOCCOCCOCCS,New_Unique
203,extracted_monomers_gpt4o_mini_group-u.csv,45,C=C(C)C(=O)OCC(O)(COC(=O)C(=C)C)COC(=O)C(=C)C,CCCCCCCCCSCCCCCCCS,New_Unique
204,extracted_monomers_gpt4o_mini_group-u.csv,46,C=C(C)C(=O)OCCn1c(=O)n(CCOC(=O)C(=C)C)cn(CCOC(=O)C(=C)C)c1=O,CC(COc3ccc(C(C)OCC(C)OCC(C)OCC(C)OCC(C)OCC(C)OCC(C)OCC(C)OCC(C)OCC(C)OCC(C)OCC(C)OCC(C)OCC(C)OCC1(C)CC(C)C1)cc2CCCC2OCC3(C)CC(C)(CC3)C(=O)OCC4(C)CC(C)(CC4)C(=O)OCC5(C)CC(C)(CC5)C(=O)OCC6(C)CC(C)(CC6)C(=O)OCC7(C)CC(C)(CC7)C(=O)OCC8(C)CC(C)(CC8)C(=O)OCC9(C)CC(C)(CC9)C(=O)OCC(C)OC(=O)CC(C)OC(=O)CC(C)OC(=O)CC(C)OC(=O)CC(C)OC(=O,New_Unique
205,extracted_monomers_gpt4o_mini_group-u.csv,47,C=C(C)C(=O)OCCOCCOCCOCCOCCOCCOCCOCCOCCOCCOCCOCCOCCOCCOCCOCCOCCOCCOC(=O)C(=C)C,C=C(C)C(=O)OCCOCCOCCOCCOCCOCCOCCOCCOCCOCCOCCOCCOCCOCCOCCOCCOCCOCCOCCOCCOCCOC(=O)C(=C)C,New_Unique
206,extracted_monomers_gpt4o_mini_group-u.csv,48,C=C(C)C(=C)OCOCCOC(=O)C(=C)C,C=C(CC1=CC=CC=C1)(CC3=CC=CC=C3)CC2=CC=CC=C2,New_Unique
207,extracted_monomers_gpt4o_mini_group-u.csv,49,C=C(C)C(=C)OCOCCOC(=O)C(=C)C,C=C(CC1=CC=CC=C1)(CC2=CC=CC=C2)OCCOCCOCCOCCOCCOCCOCCOCCOCCOCCOCCOCCOCCOCCOCCOCCOCCOCCOCCOCCOCCOCCOCCOCCOCCOCCOCCOCCOCCOCCOCCOCCOCCOCCOCCOCCOCCOCCOCCOCCOCCOCCOCCOCCOCCOCCOCCOCCOCCOCCOCCOCCOCCOCCOCCOCCOCCOCCOCC(C)OCC(C)OCC(C)OCC(C)OCC(C)OCC(C)OCC(C)OCC(C)OCC(C)OCC(C)OCC(C)OCC(C)OCC(C)OCC(C)OCC(C)OCC(C)OCC(C)OCC(C)OCC(C)OCC(C)OCC(C)OCC(C)OCC(C)OCC(C)OCC(C)OCC(C)OCC(C)OCC(C)OCC(C)O,New_Unique
208,extracted_monomers_gpt4o_mini_group-u.csv,52,C=C(C)C(=C)OCOC(=O)C(=C)C,C=C(C)C(=O)OCCOCCOCCOC(=O)C(=C)C,New_Unique
209,extracted_monomers_gpt4o_mini_group-u.csv,53,C=C(C)C(=O)OCCOCCOCCOCCOCCOCCOCCOCCOCCOCCOCCOCCOCCOCCOCCOCCOCCOCCOC(=O)C(=C)C,C=C(CC)(C)C(=O)OCCOCCOCCOCCOCCOCCOCCOCCOCCOCCOCCOCCOCCOCCOCCOCCOCCOCCOCCOCCOCCOCCOCCOCCOCCOCCOCCOCCOCCOCCOCCOCCOCCOCCOCCOCCOCCOCCOCCOCCOCCOCCOCCOCCOCCOCCOCCOCCOCCOCCOCCOCCOCCOCCOCCOCCOCCOCCOCCOCCOCCOCCOCCOCCOCCOCCOCCOCCOCCOCCOCCOCCOCCOCCOCCOCCOCCOCCOCCOCCOCCOCCOCCOCCOCCOCCOCCOCCOCCOCCOCCOCCOCCOCCOCCOCCOCCOCCOCCOCCOCCOCCOCC,New_Unique
210,extracted_monomers_gpt4o_mini_group-u.csv,54,C=C(C)C(=O)OCCOCCOCCOCCOCCOCCOCCOCCOCCOC(=O)C(=C)C,C=C(CCS(N)(=O)=O)OCC(COC(=O)NCCS(=O)(=O)C(C)=O)(COC(=O)NCCS(=O)(=O)C(C)=O)COC(=O)NCCS(=O)(=O)C(C)=O,New_Unique
211,extracted_monomers_gpt4o_mini_group-u.csv,55,C=C(C)C(=O)OCCOCCOCCOCCOCCOCCOCCOCCOCCOCCOCCOCCOCCOC(=O)C(=C)C,C=C(C)C(=O)OCCOCCOCCOCCOCCOCCOCCOCCOCCOCCOCCOCCOCCOCCOCCOCCOCCOCCOCCOCCOCCOCCOCCOCCOCCOCCOCCOCCOCCOCCOCCOCCOCCOCCOCCOCCOCCOCCOCCOCCOCCOCCOCCOCCOCCOCCOCCOCCOCCOCCOCCOCCOCCOCCOCCOCCOCCOCCOCCOCCOCCOCCOCCOCCOCCOCCOCCOCCOCCOCCOCCOCCOCCOCCOCCOCCOCCOCCOCCOCCOCCOCCOCCOCCOCCOCCOCCOCCOCCOCCOCCOCCOCCOCCOCCOCCOCCOCCOCCOCCOCCOCCOCCOCCOCCOCC,New_Unique
212,extracted_monomers_gpt4o_mini_group-u.csv,56,C=CC(=O)OCCn1c(=O)n(CCOC(=O)C=C)c(=O)n(CCOC(=O)C=C)c1=O,C=CCOC(=O)NCCN(C)CCOC(=O)C=C,New_Unique
213,extracted_monomers_gpt4o_mini_group-u.csv,57,C=C(C)OCOC(=C)C(=C)C,C=CC(=O)OCCn1c(=O)n(CCOC(=O)C=C)c(=O)n(CCOC(=O)C(=C)C)c1=O,New_Unique
214,extracted_monomers_gpt4o_mini_group-u.csv,58,C=C(C)C(=O)OCCOC(=O)C(=C)C,C=C(CCS)OCCn1c(=O)n(CCOC(=O)CCS)c(=O)n(CCOC(=O)CCS)c1=O,New_Unique
215,extracted_monomers_gpt4o_mini_group-u.csv,60,C=C(C)C(=C)OCOCCOC(=O)C(=C)C,C=C(C)C(=C)OCCOCCOC(=O)C(=C)C,New_Unique
216,extracted_monomers_gpt4o_mini_group-u.csv,62,C=C(C)C(=C)OCCOCCOCCOCCOCCOCCOCCOCCOC(=O)C(=C)C,C=Cc1cccc(C=C)c1,New_Unique
217,extracted_monomers_gpt4o_mini_group-u.csv,63,C=C(C)C(=C)OCCOCCOCCOCCOCCOCCOCCOCCOC(=O)C(=C)C,C=CCOC(=O)CCCCCCOC(=O)CC=C,New_Unique
218,extracted_monomers_gpt4o_mini_group-u.csv,64,C=C(C)C(=O)OCCOCCOCCOC(=O)C(=C)C,C=C(CCS(=O)(=O)OCCCCC)OCC(COC(=O)S(=O)(C(CC)CC)(C(CC)CC)C(CC)CC)C(=O)OCCS(=O)(=O)OCCCCC)C(=C)C,New_Unique
219,extracted_monomers_gpt4o_mini_group-u.csv,65,C=C(C)C(=C)CC(=O)OCCOCCOCCOCCOCCOCCOCCOCCOCCOCOC(=C)C(=C)C(=C)C,CC(C)(C)c2ccc(OCC(O)COCC(O)COCC(O)COCC(O)COCC(O)COCC(O)COCC(O)COCC(O)COCC(O)COCC(O)COCC(O)COCC1OCC1)cc1c(C)c(CC(C)(C)C)c(C(C)(C)C)c(C(C)(C)C)c(CC1=c(OCC(O)COCC(O)COCC(O)COCC(O)COCC(O)COCC(O)COCC(O)COCC(O)COCC(O)COCC(O)COCC(O)C1O)C(=C)OCC(O)COCC(O)COCC(O)COCC(O)COCC(O)COCC(O)COCC(O)COCC(O)COCC(O)COCC2OCC2)C(=C)OCC(O)COCC(O)COCC(O)COCC(O)COCC(O)COCC(O)COCC(O,New_Unique
220,extracted_monomers_gpt4o_mini_group-u.csv,66,C=CC,CC(C)(C)C(=O)OCC(OCC(OCC(OCC(OCC(C)OCC(OCC(OCC(OCC(OCC(C)OCC(OCC(OCC(OCC1CO1)OCC2CO2)OCC3CO3)OCC4CO4)OCC5CO5)OCC6CO6)OCC7CO7)OCC8CO8)OCC9CO9)OCC(C)OCC(C)OCC(C)OCC(C)OCC(C)OCC(C)OCC(C)OCC(C)OCC(C)OCC(C)OCC(C)OCC(C)OCC(C)OCC(C)OCC(C)OCC(C)OCC(C)OCC(C)OCC(C)OCC(C)OCC(C)OCC(C)OCC(C)OCC(C)OCC(C)OCC(C)OCC(C)OCC(C)OCC(C)OCC(C)OCC(C)OCC(C)OCC(C)OCC1CO1,New_Unique
221,extracted_monomers_gpt4o_mini_group-u.csv,67,C=C(C)C(=C)OCOCCOC(=O)C(=C)C,C=C(Cc1ccccc1CC=C(Cc1ccccc1)OCc1ccccc1)OCc1ccccc1,New_Unique
222,extracted_monomers_gpt4o_mini_group-u.csv,68,C=C(C)C(=O)OCCOCCOCCOC(=O)C(=C)C,C=C(CCOCC1CO1)CCOCC4OCC3OCC(C3COC4COC(=O)CC(=O)OCC(=O)OCC(=O)OCC(=O)OCC(=O)OCC(=O)OCC(=O)OCC(=O)OCC(=O)OCC(=O)OCC(=O)OCC(=O)OCC(=O)OCC(=O)OCC(=O)OCC1CO1Please note that these monomers might not meet the functional group criteria anymore.,New_Unique
223,extracted_monomers_gpt4o_mini_group-u.csv,69,C=C(C)C(=C)CC(=O)OCCOCCOCCOCCOCCOCCOCCOCCOCCOCCOCCOCCOCCOCCOCCOCOC(=C)C(=C)C,C=C(C)OC(=O)CCSC(=O)NCC(C)=O,New_Unique
224,extracted_monomers_gpt4o_mini_group-u.csv,70,C=CCOc1ccc(C(C)(C)OCC=C)cc1,CC(C/C=C)\C(=O)OCC(O)COc3ccc(C(C)(C)c2ccc(OCC(O)COC(=O)CC(C)(C)C2CC1CCC1)cc3)cc4c2CCC(OCC(O)COC(=O)CC(C)(C)C2CCC4)CC1OCC(O)CO1,New_Unique
225,extracted_monomers_gpt4o_mini_group-u.csv,71,C=CCc1ccccc1OCC(O)COc1ccccc1Cc1ccc(OCC2CO2)cc1,C=CCc1ccccc1OCC1(COC2(C=C)CC2)CC1COC(C=C)CC1(C=C)COC1(C=C)CC1(C=C)OCC1(C=C)COC1(C=C)CC1,New_Unique
226,extracted_monomers_gpt4o_mini_group-u.csv,72,C=C(C=O)OCCn1c(=O)n(CCOC(=O)CC1=O)CCOC(=O)CC2=OCCO2,C=Cn1c(=O)n(CCS(=O)(=O)CC)c(=O)n(CCS(=O)(=O)CC)c1=O,New_Unique
227,extracted_monomers_gpt4o_mini_group-u.csv,75,C=C(C=O)OCCn1c(=O)n(CCOC(=O)C(C)=O)c(=O)n(CCOC(=O)C(C)=O)c1=O,C=C(CCS(=O)(=O)N)OCCn1c(=O)n(CCOC(=O)C(CC)(C)C)cn1C,New_Unique
228,extracted_monomers_gpt4o_mini_group-u.csv,77,C=C(C)C(=O)OCCOCCOCCOC(=O)C(=C)C,C=C(C)C(=O)OCCOCCOCCOCCOCCOCCOCCOCCOCCOCCOCCOCCOCCOCCOCCOCCOC(=O)C(=C)C,New_Unique
229,extracted_monomers_gpt4o_mini_group-u.csv,78,C=CC(=C)C(=C)OCOCCOC(=O)C(=C)C(=C)C,C=C(C)C(=O)OCCOCCOCCOC(=O)C(=C)C,New_Unique
230,extracted_monomers_gpt4o_mini_group-u.csv,79,C=C(C=O)OCCOCCOCCOCCOCCOCCOCCOCCOCCOCCOCCOCCOCCOCCOCCOCCOCCOCCOCCOCCOCCOCCOCCOCCOCCOCCOCCOCCOCCOCCOCCOCCOCCOCCOCCOCCOCCOCCOCCOCCOCCOCCOCCOCCOCCOCCOCCOCC(C)=O,CCOCCOCCOCCOCCOCCOCCOCCOCCOCCOCCOCCOCCOCCOCCOCCOCCOCCOCCOCCOCCOCCOCCOCCOCCOCCOCCOCCOCCOCCOCCOCCOCCOCCOCCOCCOCCOCCOCCOCCOCCOCCOCCOCCOCCOCCOCCOCCOCCOCCOCCOCCOCCOCCOCCOCCOCCOCCOCCOCCOCCOCCOCCOCCOCCOCCOCCOCCOCCOCCOCCOCCOCCOCCOCCOCCOCCOCCOCCO,New_Unique
231,extracted_monomers_gpt4o_mini_group-u.csv,80,CC(C)(C)c1ccc(OCC2CO2)cc1,CC(C)(C)N,New_Unique
232,extracted_monomers_gpt4o_mini_group-u.csv,81,C=C(C)C(=O)OCCOCCOCCOCCOCCOCCOCCOCCOCCOCCOCCOCCOC(=O)C(=C)C,C=C(CCS(=O)(=O)O)OCC(=O)OCC(CCS(=O)(=O)O)COC(=O)NCC1(C)CC(NC(=O)OCC(=O)OCC(C)OCC(C)OCC(C)OCC(C)OCC(C)OCC(C)OCC(C)OCC(C)OCC(C)OCC(C)OCC(C)OCC(C)CO1,New_Unique
233,extracted_monomers_gpt4o_mini_group-u.csv,82,C=C(C)C(=C)(c3ccc(OCCOCCOCCOC4CCC(C(C)(C)C4)OCCOCCOCC2OCCOCC1OCC1CC2)cc3)c6ccc(OCCOCCOCC5CCC(C(c2ccc(OCCOCCOCC1CCC(C)(C)OCCOCCOCC4CCC(C3)OCCOCCOCC2)C5)CC4)cc2)c6,C=C(C)CCS(=O)(=O)OCC1CO1,New_Unique
234,extracted_monomers_gpt4o_mini_group-u.csv,83,C=C(C)C(=O)OCCOCCOCCOCCOCCOCCOCCOCCOCCOCCOCCOCCOCCOCCOCCOCCOCCOCCOCCOCCOCCOCCOCCOCCOCCOC(=O)C(=C)C,C=C(C)C(=O)OCCOCCOCCOCCOC(=O)C(C)=O,New_Unique
235,extracted_monomers_gpt4o_mini_group-u.csv,84,C=C(C)C(=C)OCOCCOC(=O)C(=C)C,C=C(C)C(=O)OCCOCCOCCOCCOCCOCCOCCOCCOCCOCCOCCOCCOCCOCCOCCOCCOCCOCCOCCOCCOCCOCCOCCOC(=O)C(=C)C,New_Unique
236,extracted_monomers_gpt4o_mini_group-u.csv,85,C=C(C)C(=O)OCCOCCOCCOCCOCCOCCOCCOC(=O)C(C)=O,C=C(C)C(=O)OCCOCCOCCOCCOCCOCCOCCOCCOCCOCCOCCOCCOCCOCCOCCOCCOCCOCCOC(=O)C(=C)C,New_Unique
237,extracted_monomers_gpt4o_mini_group-u.csv,86,C=CC(=C)C(=O)OCC(O)COc3ccc2OCC(C)(c2c1ccc(OCC(O)COC(=O)C(=C)C(=C)O1)cc3)CC4=c2cc(OCC(O)COC(=O)C(=C)C(=C)O1)cc(OCC(O)COC(=O)C(=C)C(=C)O4)cc2OCC(O)COC(=O)C(=C)C(=C)O4 monomer1,C=C(C)C(=O)OCCOCCOCCOCCOCCOCCOCCOCCOCCOCCOCCOCCOC(=O)C(=C)C,New_Unique
238,extracted_monomers_gpt4o_mini_group-u.csv,87,C=C(C=O)OCCOCCOCCOCCOCCOCCOCCOCCOC(=O)C(C)=O,C=C(C)C(=C)OCCn1c(=O)n(CCOC(=O)CC=C)c(=O)n(CCOC(=O)CC=C)n1,New_Unique
239,extracted_monomers_gpt4o_mini_group-u.csv,88,C=C(C)C(=C)OCOCCOCCOC(=O)C(=C)C,C=C(C)C(=O)COCCCCCCOC(=O)C(=C)C,New_Unique
240,extracted_monomers_gpt4o_mini_group-u.csv,89,C=C(C)C(=O)OCC(O)(COC(=O)C(=C)C(C)(C)C)COC(=O)C(=C)C(C)(C)C,C=C(C)C(=O)OCCOCCOCCOCCOCCOCCOCCOCCOCCOCCOCCOCCOCCOCCOCCOC(=O)C(=C)C,New_Unique
241,extracted_monomers_gpt4o_mini_group-u.csv,91,C=C(C)C(=C)OCOC(=O)C(=C)C,C=C(C)C(=O)OCCOCCOCCOCCOCCOCCOCCOCCOCCOCCOCCOCCOCCOCCOCCOCCOCCOCCOCCOCCOC(=O)C(=C)C,New_Unique
242,extracted_monomers_gpt4o_mini_group-u.csv,92,C=C(C)C(=O)OCCOCCOCCOCCOCCOCCOCCOCCOCCOCCOCCOCCOCCOC(=O)C(=C)C,C=C(C)C(=O)OCCC,New_Unique
243,extracted_monomers_gpt4o_mini_group-u.csv,93,C=C(C=O)OCCnc(=O)n(Cc3ccccc3)c(=O)n(CCOCC)oCCS(=O)(=O)NCCc2cc(C(=O)OCC=C)ccc2OCC=C,C=Cncc(CC=C)cn(CC=C)n,New_Unique
244,extracted_monomers_gpt4o_mini_group-u.csv,94,C=C(C)C(=O)OCCOCCOCCOCCOCCOCCOCCOCCOC(=O)C(=C)C,C=C(CCS(=O)(=O)CCN)OCC(COc1ccc(OCC(C)OCC2CO2)cc1)OCC1CO1,New_Unique
245,extracted_monomers_gpt4o_mini_group-u.csv,95,C=C(C)C(=C)OCOCCOC(=O)C(=C)C,C=C(CCS)OCC(C)OCC(C)OCC(C)OCCOCCOCCOCCOCCOCCOCCOCCOCCOCCOCCOCCOCC(C)OCC(C)OCC(C)OCC(C)OCC(C)OCC(C)OCC(C)N,New_Unique
246,extracted_monomers_gpt4o_mini_group-u.csv,97,C=C(C)C(=O)OCCOCCOCCOCCOCCOCCOCCOCCOCCOCCOCCOCCOCCOCCOCCOCCOCCOCCOCCOCCOCCOCCOCCOCCOCCOCCOCCOCCOCCOCCOCCOCCOCCOCCOCCOCCOCCOCCOCCOCCOCCOCCOCCOCCOCCOCCOCCOCCOCCOCCOCCOCCOCCOCCOCC(C)C=O,OCCOCCOCCOCCOCCOCCOCCOCCOCCOCCOCCOCCOCCOCCOCCOCCOCCOCCOCCOCCOCCOCCOCCOCCOCCOCCOCCOCCOCCOCCOCCOCCOCCOCCOCCOCCOCCOCCOCCOCCOCCOCCOCCOCCOCCOCCOCCOCCOCCOCCOCCOCCOCCOCCOCCOCCOCCOCCOCCOCCOCCOCCOCCOCCOCCOCCOCCOCCOCCOCCOCCOCCOCCOCCOCCOCCO,New_Unique
247,extracted_monomers_gpt4o_mini_group-u.csv,98,C=C(C)C(=O)OCC(O)COc1ccc(C(C)(C)c2ccc(OCC(O)COC(=O)C(=C)C)cc2)cc1,CC(C)(C)CC(=O)OCC(O)COC(=O)C(C)(C)C,New_Unique
248,extracted_monomers_gpt4o_mini_group-u.csv,99,C=C(C)C(=O)OCCOCCOCCOCCOCCOCCOCCOCCOC(=O)C(=C)C,C=C(C)C(=O)OCCOCCOCCOCCOCCOCCOCCOCCOCCOCCOCCOCCOCCOCCOCCOCCOCCOCCOCCOCCOCCOCCOCCOC(=O)C(=C)C,New_Unique
249,extracted_monomers_gpt4o_mini_group-u.csv,100,C=CC(=O)OCCn1c(=O)n(CCOC(=O)C=C)c(=O)n(CCOC(=O)C=C)c1=O,CC(C)(CCl)OC(=O)CCOC(=O)CCOC(=O)CCOC(=O)CCOC(=O)CCOC(=O)CCOC(=O)CCOC(=O)CCOC(=O)CCOC(=O)CCOC(=O)CCOC(=O)CCOC(=O)CCOC(=O)CCOC(=O)CCOC(=O)CCOC(=O)CCOC(=O)CCOC(=O)CCOC(=O)CCOC(=O)CCOC(=O)CCOC(=O)CCOC(=O)CCOC(=O)CCOC(=O)CCOC(=O)CCOC(=O)CCOC(=O)CCOC(=O)CCO,New_Unique
250,extracted_monomers_gpt4o_mini_group-u.csv,101,C=C(C)C(=C)OCOCCOC(=O)C(=C)C,C=C(C)C(=O)OCCOCCOCCOCCOCCOCCOCCOCCOCCOCCOCCOCCOCCOCCOCCOCCOCCOCCOCCOCCOCCOCCOCCOCCOCCOCCOCCOCCOCCOCCOCCOC(=O)C(=C)C,New_Unique
251,extracted_monomers_gpt4o_mini_group-u.csv,102,C=C(C)C(=O)OCCOCCOCCOCCOCCOCCOCCOCCOCCOCCOCCOCCOCCOCCOCCOCCOCCOCCOC(=O)C(=C)C,CCCC(=O)OCC(CC)(COC(=O)CCC(=O)OCC(C)OCC(C)OCC(C)OCC(C)OCC(C)OCC(C)OCC(C)OCC(C)OCC(C)OCC(C)OCCOCCOCCOCCOCCOCCOCCOCCOCCOCCOCCOCCOCCOCCOCCOCCOCCOCCOCCOCCOCCOCCOCCOCCOCCOCCOCCOCCOCCOCCOCCOCCOCCOCCOCCOCCOCCOCCOCCOCCOCCOCCOCCOCCOCCOCCOCCOCCOCCOCCOCCOCCOCCOCCOCCOCCOCCOCCOCCOCCOCCOCCOCCOCCOCCOCCOCCOCCOCCOCCOCCOCCOCCOCCOCCO,New_Unique
252,extracted_monomers_gpt4o_mini_group-u.csv,103,C=CC(=O)OCCn1c(=O)n(CCOC(=O)C=C)c(=O)n(CCOC(=O)C=C)c1=O,CC(C)(C)OCC(O)CC(O)CC(O)CC(O)COC(C)(C)O,New_Unique
253,extracted_monomers_gpt4o_mini_group-u.csv,104,C=CCn1c(=O)n(CC=C)c(=O)n(CC=C)c1=O,CC(COC1=CC=C(OCC(C)OCC2CO2)C(COC2CC2)C1)OCC(C)OCC1CO1,New_Unique
254,extracted_monomers_gpt4o_mini_group-u.csv,106,C=C(OCC1CO1)C(CC(C(=O)OCC1CO1)C(OCC1CO1)C(=O)OCC1CO1)OCC1CO1,CC(C)(C)N,New_Unique
255,extracted_monomers_gpt4o_mini_group-u.csv,107,C=C(C)C(=O)OCCOCCOCCOCCOCCOCCOCCOCCOCCOCCOCCOCCOCCOCCOCCOCCOCCOCCOCCOCCOC(=O)C(=C)C,C=C(C)C(=O)OCCOCCOCCOCCOCCOCCOCCOCCOCCOCCOCCOCCOCCOCCOCCOCCOCCOCCOCCOCCOCCOCCOCCOCCOCCOCCOCCOCCOCCOCCOCCOCCOCCOCCOCCOCCOCCOCCOCCOCCOCCOCCOCCOCCOCCOCCOCCOCCOCCOCCOCCOCCOCCOCCOCCOCC(C)=O,New_Unique
256,extracted_monomers_gpt4o_mini_group-u.csv,108,C=C(C)C(=O)OCCOC(=O)C(=C)C,C=C(CCS(N)(=O)=O)OCCn1c(=O)n(CCOC(=O)CCS(N)(=O)=O)c(=O)n(CCOC(=O)CCS(N)(=O)=O)c1=O,New_Unique
257,extracted_monomers_gpt4o_mini_group-u.csv,109,C=CC(=C)C(=C)OCOCCOCOC(=O)CC(C)=O,C=CCOC(=O)CC(C)(C)OCCOCCOCCOCCOCCOCCOCCOCCOCCOCCOCCOCCOCCOCCOCCOCCOCCOCCOCCOCCOCCOCCOCCOCCOCCOCCOC(=O)CC(C)(C)OCCOCCOCCOCCOCCOCCOCCOCCOCCOC(=O)C(=CC)OCCOCCOCCOCCOCCOCCOCCOCCOCCOCCOCCOCCOCCOCCOCCOCCOCCOCCOCCOCCOCCOC(=O)CC(C)(C)OCCOCCOCCOCCOCCOCCOCCOCCOCCOC(=O)C(=CC)OCCOCCOCCOCCOCCOCCOCCOCCOCCOCCOCCOCCOCCOCCOCCOCCOCCOCCOCCOCCOCCOCCOCCOCCOCCOCCOCCOCCOCCOCCOCC,New_Unique
258,extracted_monomers_gpt4o_mini_group-u.csv,112,C=CC(=O)OCCn1c(=O)n(CCOC(=O)C=C)c(=O)n(CCOC(=O)C=C)c1=O,C=C(C)C(=C)OCOCCOC(=O)CC(C)(C)C,New_Unique
259,extracted_monomers_gpt4o_mini_group-u.csv,113,C=C(C)C(=C)OCC(O)COc1ccc(C(C)(C)c2ccc(OCC(O)COC(=O)C(=C)C)cc2)cc1,CC(=O)OCC(CO)(CO)OCC(=O)OCC(COC(=O)CC(C)(C)C)(COC(=O)C(C)(C)C)OCC(=O)OCC(C)(CO)OCC(=O)OCC(C)(CO)OCC(=O)OCC(C)(CO)OCC(=O)OCC(C)(CO)OCC(=O)OCC(C)(CO)OCC(=O)OCC(C)(CO)OCC(=O)OCC(C)(CO)OCC(=O)OCC(C)(CO)OCC(=O)OCC(C)(CO)OCC(=O)OCC(C)(CO)OCC(=O)OCC(C)(CO)OCC(=O)OCC(C)(CO)OCC(=O)OCC(C)(CO)OCC(=O)OCC(C)(CO)OCC(=O)OCC(C)CO,New_Unique
260,extracted_monomers_gpt4o_mini_group-u.csv,114,C=CCn1c(=O)n(CC=C)c(=O)n(CC=C)c1=O,CC(C)(C)ccccc(OCC(O)COc3ccc(C(C)(C)C(=O)OCC(O)COc2ccc(OCC(O)COc0ccc(CC(C)(C)O)cc0)cc2)cc3)c(KK)c=6c(=c5c(=cOCC(O)COc8ccc(C(=O)OCC(O)COc7ccc(C(=O)OCC(O)COc6ccc(OCC(O)COc1ccc(CC(C)(C)O)cc1)cc6)cc7)cc8)cc5OCC(O)COc3ccc(C(=O)OCC(O)COc2ccc(C(=O)OCC(O)COc1ccc(OCC(O)COc0ccc(CC(C)(C)O)cc0)cc1)cc2)cc3)OCC(O)COcccc(C(=O)OCC(O)COcccc(C(=O)OCC(O)COc8ccc(OCC(O)COc7ccc(CC(C)(C)O)cc7,New_Unique
261,extracted_monomers_gpt4o_mini_group-u.csv,115,C=CC(=O)OCCC(=O)N1CN(CCOC(=O)C=C)C(=O)N1CCOC(=C)C(=C)C,CC(CO)COC(C)C(C)O,New_Unique
262,extracted_monomers_gpt4o_mini_group-u.csv,116,C=CCc1ccccc1OCC(O)COC(=O)CCCCC(=O)OCC(O)COc1ccccc1CC=C,CCC(COCC(C)OCC(C)OCC(C)OCC(C)OCCOCCOCCOCCOCCOCCOCCOCC(C)OCC(C)OCC(C)OCC(C)OCC(C)OCC(C)OCCOCCOCCOCCOCCOCCOCCOCC(C)OCC(C)OCC(C)OCC(C)OCC(C)OCC(C)OCC(C)OCC(C)OCCOCCOCCOCCOCCOCCOCCOCCOCCOCCOCCOCCOCC(C)OCC(C)OCCOCCOCCOCCOCCOCCOCCOCCOCCOCCOCC(C)OCCOCCOCCOCC(C)OCCOCCOCCOCCOCCOCCOCCOCCOCCOCCOCCOCCOCCOCCOCCOCCOCCOCCOCC(C)OCC(C)OCC(C)OCC(C)OCC(C)OCC(C)OCCOCCOCCOCCOCCOCCO,New_Unique
263,extracted_monomers_gpt4o_mini_group-u.csv,117,C=C(C)C(=O)OCCOCCOCCOC(=O)C(C)=O,CC(=O)OCC(CO)(CO)COCC(=O)OCC(CO)(CO)COcccc(C(C)(C)cccc(OCC(=O)OCC(=O)OCC(CO)(COC(=O)OCC(=O)OCC(CO)(CO)CC(=O)OCC(=O)OCC(CO)(CO)CC(=O)OCC(=O)OCC(CO)(CO)CC(=O)OCC(=O)OCC(CO)(CO)CC(=O)OCC(=O)OCC(CO)(CO)CC(=O)OCC(=O)OCC(CO)(CO)CC(=O)OCC(=O)OCC(CO)(CO)CC(=O)OCC(=O)OCC(CO)(CO)CC(=O)OCC(=O)OCC(CO)(CO)CC(=O)OCC(=O)OCC(CO)(CO)CC(=O)OCC(=O)O,New_Unique
