SL,Monomer 1,Monomer 2,Output_text,Group1,Group2,Temperature,Tg,Er,Prompt,Fixed Monomer 1,Fixed Monomer 2
14,C=C(C)C(=O)OCCOCCOCCOCCOCCOCCOCCOCCOCCOCCOCCOCCOCCOCCOCCOCCOCCOCCOCCOCCOC(=O)C(=C)C,C=C(C)C(=O)OCCOCCOCCOCCOCCOCCOCCOCCOCCOCCOCCOCCOCCOCCOCCOCCOCCOCCOCCOCCOCC(C)C(=O)OCCOCCOCCOCCOCCOCCOCCOCCOCCOCCOCCOCCOCCOCCOCCOCCOCCOCCOCCOCCOCC(C)C(=O)OCCOCCOCCOCCOCCOCCOCCOCCOCCOCCOCCOCCOCCOCCOCCOCCOCCOCCOCCOCCOCC(C)C(=O)OCCO,"Here's a pair of monomers containing the specified functional groups for potential TSMP formation:
Monomer 1 (contains C=C): C=C(C)C(=O)OCCOCCOCCOCCOCCOCCOCCOCCOCCOCCOCCOCCOCCOCCOCCOCCOCCOCCOCCOCCOC(=O)C(=C)C
Monomer 2 (contains C=C): C=C(C)C(=O)OCCOCCOCCOCCOCCOCCOCCOCCOCCOCCOCCOCCOCCOCCOCCOCCOCCOCCOCCOCCOCC(C)C(=O)OCCOCCOCCOCCOCCOCCOCCOCCOCCOCCOCCOCCOCCOCCOCCOCCOCCOCCOCCOCCOCC(C)C(=O)OCCOCCOCCOCCOCCOCCOCCOCCOCCOCCOCCOCCOCCOCCOCCOCCOCCOCCOCCOCCOCC(C)C(=O)OCCO",vinyl(C=C),vinyl(C=C),0.3,,,"Generate two monomers for a TSMP, ensuring one includes vinyl(C=C) in monomer1 and the other includes vinyl(C=C) in monomer2.",C=C(C)C(=O)OCCOCCOCCOCCOCCOCCOCCOCCOCCOCCOCCOCCOCCOCCOCCOCCOCCOCCOCCOCCOC(=O)C(=C)C,C=C(C)C(=O)OCCOCCOCCOCCOCCOCCOCCOCCOCCOCCOCCOCCOCCOCCOCCOCCOCCOCCOCCOCCOCC(C)C(=O)OCCOCCOCCOCCOCCOCCOCCOCCOCCOCCOCCOCCOCCOCCOCCOCCOCCOCCOCCOCCOCC(C)C(=O)OCCOCCOCCOCCOCCOCCOCCOCCOCCOCCOCCOCCOCCOCCOCCOCCOCCOCCOCCOCCOCC(C)C(=O)OCCO
21,C=C(C)C(=O)OCCOCCOCCOCCOCCOCCOCCOCCOCCOCCOCCOCCOCCOCCOCCOCCOCCOCCOCCOCCOC(=O)C(=C)C,C=C(C)C(=O)OCCOCCOCCOCCOCCOCCOCCOCCOCCOCCOCCOCCOCCOCCOCCOCCOCC(C)OCC(C)OCC(C)OCC(C)OCC(C)OCCOCCOCCOCCOCCOCCOCCOCCOCCOCCOCCOCCOCCOCCOCCOCCOCCOCCOCCOCCOCCOCCOCCOCCOCCOCCOCCOCCOCCOCCOCCOCCOCCOCCOCCOCCOCCOCCOCCOCCOCCOCCOCCOCCOCCOCCOCCOCCOCCOCCOCCOCC,"Here's a TSMP that includes the requested functional groups:
Monomer 1 (contains C=C): C=C(C)C(=O)OCCOCCOCCOCCOCCOCCOCCOCCOCCOCCOCCOCCOCCOCCOCCOCCOCCOCCOCCOCCOC(=O)C(=C)C
Monomer 2 (contains =O): C=C(C)C(=O)OCCOCCOCCOCCOCCOCCOCCOCCOCCOCCOCCOCCOCCOCCOCCOCCOCC(C)OCC(C)OCC(C)OCC(C)OCC(C)OCCOCCOCCOCCOCCOCCOCCOCCOCCOCCOCCOCCOCCOCCOCCOCCOCCOCCOCCOCCOCCOCCOCCOCCOCCOCCOCCOCCOCCOCCOCCOCCOCCOCCOCCOCCOCCOCCOCCOCCOCCOCCOCCOCCOCCOCCOCCOCCOCCOCCOCCOCC",vinyl(C=C),hydroxyl(=O),0.3,,,Design a thermoset shape memory polymer using monomers that include vinyl(C=C) in monomer1 and hydroxyl(=O) in monomer2.,C=C(C)C(=O)OCCOCCOCCOCCOCCOCCOCCOCCOCCOCCOCCOCCOCCOCCOCCOCCOCCOCCOCCOCCOC(=O)C(=C)C,C=C(C)C(=O)OCCOCCOCCOCCOCCOCCOCCOCCOCCOCCOCCOCCOCCOCCOCCOCCOCC(C)OCC(C)OCC(C)OCC(C)OCC(C)OCCOCCOCCOCCOCCOCCOCCOCCOCCOCCOCCOCCOCCOCCOCCOCCOCCOCCOCCOCCOCCOCCOCCOCCOCCOCCOCCOCCOCCOCCOCCOCCOCCOCCOCCOCCOCCOCCOCCOCCOCCOCCOCCOCCOCCOCCOCCOCCOCCOCCOCCOCC
23,C=C(C)C(=O)OCCOCCOCCOCCOCCOCCOCCOCCOCCOCCOCCOCCOCCOCCOCCOCCOCCOCCOCCOCCOC(=O)C(=C)C,C=C(C)C(=O)OCC(O)COc2ccc(C(C)(C)c1ccc(OCC(O)COC(=O)C(=C)C)cc1)cc2,"Here's a TSMP that includes the requested functional groups:
Monomer 1 (contains C=C): C=C(C)C(=O)OCCOCCOCCOCCOCCOCCOCCOCCOCCOCCOCCOCCOCCOCCOCCOCCOCCOCCOCCOCCOC(=O)C(=C)C
Monomer 2 (contains =O): C=C(C)C(=O)OCC(O)COc2ccc(C(C)(C)c1ccc(OCC(O)COC(=O)C(=C)C)cc1)cc2",vinyl(C=C),hydroxyl(=O),0.3,,,Design a thermoset shape memory polymer using monomers that include vinyl(C=C) in monomer1 and hydroxyl(=O) in monomer2.,C=C(C)C(=O)OCCOCCOCCOCCOCCOCCOCCOCCOCCOCCOCCOCCOCCOCCOCCOCCOCCOCCOCCOCCOC(=O)C(=C)C,C=C(C)C(=O)OCC(O)COc2ccc(C(C)(C)c1ccc(OCC(O)COC(=O)C(=C)C)cc1)cc2
24,C=C(C)C(=O)OCCOCCOCCOCCOCCOCCOCCOCCOCCOCCOCCOCCOCCOCCOCCOCCOCCOCCOCCOCCOC(=O)C(=C)C,C=CC(=O)OCCn1c(=O)n(CCOC(=O)C=C)c(=O)n(CCOC(=O)C=C)c1=O,"Here's a TSMP that includes the requested functional groups:
Monomer 1 (contains C=C): C=C(C)C(=O)OCCOCCOCCOCCOCCOCCOCCOCCOCCOCCOCCOCCOCCOCCOCCOCCOCCOCCOCCOCCOC(=O)C(=C)C
Monomer 2 (contains =O): C=CC(=O)OCCn1c(=O)n(CCOC(=O)C=C)c(=O)n(CCOC(=O)C=C)c1=O",vinyl(C=C),hydroxyl(=O),0.3,,,Design a thermoset shape memory polymer using monomers that include vinyl(C=C) in monomer1 and hydroxyl(=O) in monomer2.,C=C(C)C(=O)OCCOCCOCCOCCOCCOCCOCCOCCOCCOCCOCCOCCOCCOCCOCCOCCOCCOCCOCCOCCOC(=O)C(=C)C,C=CC(=O)OCCn1c(=O)n(CCOC(=O)C=C)c(=O)n(CCOC(=O)C=C)c1=O
36,C=C(C)C(=O)OCCOCCOCCOCCOCCOCCOCCOCCOCCOCCOCCOCCOCCOCCOCCOCCOCCOCCOCCOCCOC(=O)C(=C)C,C=C(C)C(=O)OCCOCCOCCOCCOCCOCCOCCOCCOCCOCCOCCOCCOCCOCCOCCOCCOCCOCCOCCOCCOCC(C)C(=O)OCCOCCOCCOCCOCCOCCOCCOCCOCCOCCOCCOCCOCC(C)(C)C(=O)OCCOCCOCCOCCOCCOCCOCCOCCOCCOCCOCCOCCOCC(C)(C)C(=O)OCCOCCOCCOCCOCCOCCOCCOCCOCCOCCOCCOCCOCC(C)(C)C(=O)OCCO,"Here is a TSMP designed with the required functionalities:
Monomer 1 (contains C=C): C=C(C)C(=O)OCCOCCOCCOCCOCCOCCOCCOCCOCCOCCOCCOCCOCCOCCOCCOCCOCCOCCOCCOCCOC(=O)C(=C)C
Monomer 2 (contains C=C): C=C(C)C(=O)OCCOCCOCCOCCOCCOCCOCCOCCOCCOCCOCCOCCOCCOCCOCCOCCOCCOCCOCCOCCOCC(C)C(=O)OCCOCCOCCOCCOCCOCCOCCOCCOCCOCCOCCOCCOCC(C)(C)C(=O)OCCOCCOCCOCCOCCOCCOCCOCCOCCOCCOCCOCCOCC(C)(C)C(=O)OCCOCCOCCOCCOCCOCCOCCOCCOCCOCCOCCOCCOCC(C)(C)C(=O)OCCO",vinyl(C=C),vinyl(C=C),0.5,,,Design a thermoset shape memory polymer using monomers that include vinyl(C=C) in monomer1 and vinyl(C=C) in monomer2.,C=C(C)C(=O)OCCOCCOCCOCCOCCOCCOCCOCCOCCOCCOCCOCCOCCOCCOCCOCCOCCOCCOCCOCCOC(=O)C(=C)C,C=C(C)C(=O)OCCOCCOCCOCCOCCOCCOCCOCCOCCOCCOCCOCCOCCOCCOCCOCCOCCOCCOCCOCCOCC(C)C(=O)OCCOCCOCCOCCOCCOCCOCCOCCOCCOCCOCCOCCOCC(C)(C)C(=O)OCCOCCOCCOCCOCCOCCOCCOCCOCCOCCOCCOCCOCC(C)(C)C(=O)OCCOCCOCCOCCOCCOCCOCCOCCOCCOCCOCCOCCOCC(C)(C)C(=O)OCCO
37,C=C(C)C(=O)OCCOCCOCCOCCOCCOCCOCCOCCOCCOCCOCCOCCOCCOCCOCCOCCOCCOCCOCCOCCOC(=O)C(=C)C,C=C(C)C(=O)OCCOCCOCCOCCOCCOCCOCCOCCOCCOCCOCCOCCOCCOCCOCCOCCOCCOCCOCCOCC(C)(C)C(=O)OCCOCCOCCOCCOCCOCCOCCOCCOCCOCCOCCOCCOCCOCCOCCOCCOCCOCCOCCOCC(C)(C)C(=O)OCCOCCOCCOCCOCCOCCOCCOCCOCCOCCOCCOCCOCCOCCOCCOCCOCCOCCOCCOCC(C)(C)C(=O)OCCOCCOCCOCCO,"Here's a TSMP that includes the requested functional groups:
Monomer 1 (contains C=C): C=C(C)C(=O)OCCOCCOCCOCCOCCOCCOCCOCCOCCOCCOCCOCCOCCOCCOCCOCCOCCOCCOCCOCCOC(=O)C(=C)C
Monomer 2 (contains C=C): C=C(C)C(=O)OCCOCCOCCOCCOCCOCCOCCOCCOCCOCCOCCOCCOCCOCCOCCOCCOCCOCCOCCOCC(C)(C)C(=O)OCCOCCOCCOCCOCCOCCOCCOCCOCCOCCOCCOCCOCCOCCOCCOCCOCCOCCOCCOCC(C)(C)C(=O)OCCOCCOCCOCCOCCOCCOCCOCCOCCOCCOCCOCCOCCOCCOCCOCCOCCOCCOCCOCC(C)(C)C(=O)OCCOCCOCCOCCO",vinyl(C=C),vinyl(C=C),0.5,,,Design a thermoset shape memory polymer using monomers that include vinyl(C=C) in monomer1 and vinyl(C=C) in monomer2.,C=C(C)C(=O)OCCOCCOCCOCCOCCOCCOCCOCCOCCOCCOCCOCCOCCOCCOCCOCCOCCOCCOCCOCCOC(=O)C(=C)C,C=C(C)C(=O)OCCOCCOCCOCCOCCOCCOCCOCCOCCOCCOCCOCCOCCOCCOCCOCCOCCOCCOCCOCC(C)(C)C(=O)OCCOCCOCCOCCOCCOCCOCCOCCOCCOCCOCCOCCOCCOCCOCCOCCOCCOCCOCCOCC(C)(C)C(=O)OCCOCCOCCOCCOCCOCCOCCOCCOCCOCCOCCOCCOCCOCCOCCOCCOCCOCCOCCOCC(C)(C)C(=O)OCCOCCOCCOCCO
40,C=CCOCC(COCC=C)(COCC=C)COC(=O)NCC1(C)CC(NC(=O)OCC(COCC=C)(COCC=C)COCC=C)CC(C)(C)C1,C=C(C)C(=O)OCCOCCOCCOCCOCCOCCOCCOCCOCCOCCOCCOCCOCCOCCOCCOCCOCCOCCOCCOCCOC(=O)C(=C)C,"Here is a TSMP designed with the required functionalities:
Monomer 1 (contains C=C): C=CCOCC(COCC=C)(COCC=C)COC(=O)NCC1(C)CC(NC(=O)OCC(COCC=C)(COCC=C)COCC=C)CC(C)(C)C1
Monomer 2 (contains C=C): C=C(C)C(=O)OCCOCCOCCOCCOCCOCCOCCOCCOCCOCCOCCOCCOCCOCCOCCOCCOCCOCCOCCOCCOC(=O)C(=C)C",vinyl(C=C),vinyl(C=C),0.5,,,Design a thermoset shape memory polymer using monomers that include vinyl(C=C) in monomer1 and vinyl(C=C) in monomer2.,C=CCOCC(COCC=C)(COCC=C)COC(=O)NCC1(C)CC(NC(=O)OCC(COCC=C)(COCC=C)COCC=C)CC(C)(C)C1,C=C(C)C(=O)OCCOCCOCCOCCOCCOCCOCCOCCOCCOCCOCCOCCOCCOCCOCCOCCOCCOCCOCCOCCOC(=O)C(=C)C
47,C=C(C)C(=O)OCCOCCOCCOCCOCCOCCOCCOCCOCCOCCOCCOCCOCCOCCOCCOCCOCCOCCOCCOCCOC(=O)C(=C)C,C=C(C)C(=O)OCCOCCOCCOCCOCCOCCOCCOCCOCCOCCOCCOCCOCCOCCOCCOCCOCCOCCOCCOCCOCC(=O)C(=C)C,"Here's a TSMP that includes the requested functional groups:
Monomer 1 (contains vinyl(C=C)): C=C(C)C(=O)OCCOCCOCCOCCOCCOCCOCCOCCOCCOCCOCCOCCOCCOCCOCCOCCOCCOCCOCCOCCOC(=O)C(=C)C
Monomer 2 (contains hydroxyl(=O)): C=C(C)C(=O)OCCOCCOCCOCCOCCOCCOCCOCCOCCOCCOCCOCCOCCOCCOCCOCCOCCOCCOCCOCCOCC(=O)C(=C)C",vinyl(C=C),hydroxyl(=O),0.5,,,Suggest a TSMP system with one monomer having vinyl(C=C) in monomer1 and the other featuring hydroxyl(=O) in monomer2.,C=C(C)C(=O)OCCOCCOCCOCCOCCOCCOCCOCCOCCOCCOCCOCCOCCOCCOCCOCCOCCOCCOCCOCCOC(=O)C(=C)C,C=C(C)C(=O)OCCOCCOCCOCCOCCOCCOCCOCCOCCOCCOCCOCCOCCOCCOCCOCCOCCOCCOCCOCCOCC(=O)C(=C)C
48,C=C(C)C(=O)OCCOCCOCCOCCOCCOCCOCCOCCOCCOCCOCCOCCOCCOCCOCCOCCOCCOCCOCCOCCOC(=O)C(=C)C,C=CC(=O)OCCCC,"Here's a TSMP that includes the requested functional groups:
Monomer 1 (contains C=C): C=C(C)C(=O)OCCOCCOCCOCCOCCOCCOCCOCCOCCOCCOCCOCCOCCOCCOCCOCCOCCOCCOCCOCCOC(=O)C(=C)C
Monomer 2 (contains =O): C=CC(=O)OCCCC",vinyl(C=C),hydroxyl(=O),0.5,,,Suggest a TSMP system with one monomer having vinyl(C=C) in monomer1 and the other featuring hydroxyl(=O) in monomer2.,C=C(C)C(=O)OCCOCCOCCOCCOCCOCCOCCOCCOCCOCCOCCOCCOCCOCCOCCOCCOCCOCCOCCOCCOC(=O)C(=C)C,C=CC(=O)OCCCC
62,C=CCn1c(=O)n(CC=C)c(=O)n(CC=C)c1=O,C=CCc1ccccc1OCC(O)COC(=O)CCCCC(=O)OCC(O)COc2ccccc2CC=C,"Here's a TSMP that includes the requested functional groups:
Monomer 1 (contains C=C): C=CCn1c(=O)n(CC=C)c(=O)n(CC=C)c1=O
Monomer 2 (contains C=C): C=CCc1ccccc1OCC(O)COC(=O)CCCCC(=O)OCC(O)COc2ccccc2CC=C",vinyl(C=C),vinyl(C=C),0.7,,,"Generate two monomers for a TSMP, ensuring one includes vinyl(C=C) in monomer1 and the other includes vinyl(C=C) in monomer2.",C=CCn1c(=O)n(CC=C)c(=O)n(CC=C)c1=O,C=CCc1ccccc1OCC(O)COC(=O)CCCCC(=O)OCC(O)COc2ccccc2CC=C
63,C=C(C)C(=O)OCCOCCOCCOCCOCCOCCOCCOCCOCCOCCOCCOCCOCCOCCOCCOCCOCCOCCOCCOCCOC(=O)C(=C)C,C=C(C)C(=C)C(=C)C,"Here's a TSMP that includes the requested functional groups:
Monomer 1 (contains C=C): C=C(C)C(=O)OCCOCCOCCOCCOCCOCCOCCOCCOCCOCCOCCOCCOCCOCCOCCOCCOCCOCCOCCOCCOC(=O)C(=C)C
Monomer 2 (contains C=C): C=C(C)C(=C)C(=C)C",vinyl(C=C),vinyl(C=C),0.7,,,"Generate two monomers for a TSMP, ensuring one includes vinyl(C=C) in monomer1 and the other includes vinyl(C=C) in monomer2.",C=C(C)C(=O)OCCOCCOCCOCCOCCOCCOCCOCCOCCOCCOCCOCCOCCOCCOCCOCCOCCOCCOCCOCCOC(=O)C(=C)C,C=C(C)C(=C)C(=C)C
64,C=CCc1ccccc1OCC(O)COC(=O)Cc3ccc(C(=O)OCC(O)COc2ccccc2CC=C)cc3,C=CCc1ccccc1OCC(O)COc2ccccc2C(=O)OCC(O)COc3ccccc3C(=O)OCC(O)COc4ccccc4C(=O)NCC1(C)CC(N)CC(C)(C)CC(C)(C)N(CCC(C)OCC(O)COc5ccccc5C(=O)OCC(O)COc6ccccc6C(=O)OCC(O)COc7ccccc7C(=O)OCC(O)COc8ccccc8C(=O)N)CC(C)(C)C1,"Here's a pair of monomers containing the specified functional groups for potential TSMP formation:
Monomer 1 (contains C=C): C=CCc1ccccc1OCC(O)COC(=O)Cc3ccc(C(=O)OCC(O)COc2ccccc2CC=C)cc3
Monomer 2 (contains C=C): C=CCc1ccccc1OCC(O)COc2ccccc2C(=O)OCC(O)COc3ccccc3C(=O)OCC(O)COc4ccccc4C(=O)NCC1(C)CC(N)CC(C)(C)CC(C)(C)N(CCC(C)OCC(O)COc5ccccc5C(=O)OCC(O)COc6ccccc6C(=O)OCC(O)COc7ccccc7C(=O)OCC(O)COc8ccccc8C(=O)N)CC(C)(C)C1",vinyl(C=C),vinyl(C=C),0.7,,,"Generate two monomers for a TSMP, ensuring one includes vinyl(C=C) in monomer1 and the other includes vinyl(C=C) in monomer2.",C=CCc1ccccc1OCC(O)COC(=O)Cc3ccc(C(=O)OCC(O)COc2ccccc2CC=C)cc3,C=CCc1ccccc1OCC(O)COc2ccccc2C(=O)OCC(O)COc3ccccc3C(=O)OCC(O)COc4ccccc4C(=O)NCC1(C)CC(N)CC(C)(C)CC(C)(C)N(CCC(C)OCC(O)COc5ccccc5C(=O)OCC(O)COc6ccccc6C(=O)OCC(O)COc7ccccc7C(=O)OCC(O)COc8ccccc8C(=O)N)CC(C)(C)C1
72,C=C(C)C(=O)OCCOCCOCCOCCOCCOCCOCCOCCOCCOCCOCCOCCOC(=O)C(=C)C,C=C(C)C(=O)OCCOCCOCCOCCOCCOCCOCCOCCOCCOC(=O)C(=C)C,"Here is a pair of monomers containing vinyl and hydroxyl groups, ideal for TSMP design:
Monomer 1: C=C(C)C(=O)OCCOCCOCCOCCOCCOCCOCCOCCOCCOCCOCCOCCOC(=O)C(=C)C
Monomer 2: C=C(C)C(=O)OCCOCCOCCOCCOCCOCCOCCOCCOCCOC(=O)C(=C)C",vinyl(C=C),hydroxyl(=O),0.7,,,"Generate two monomers for a TSMP, ensuring one includes vinyl(C=C) in monomer1 and the other includes hydroxyl(=O) in monomer2.",C=C(C)C(=O)OCCOCCOCCOCCOCCOCCOCCOCCOCCOCCOCCOCCOC(=O)C(=C)C,C=C(C)C(=O)OCCOCCOCCOCCOCCOCCOCCOCCOCCOC(=O)C(=C)C
91,O=C(OCC1CO1)C3CC2OC2CC3C(=O)OCC4CO4,C=CCOCC(CO)(COCC=C)COCC=C,"Here's a TSMP that includes the requested functional groups:
Monomer 1 (contains C=C(C=O)): O=C(OCC1CO1)C3CC2OC2CC3C(=O)OCC4CO4
Monomer 2 (contains C=C): C=CCOCC(CO)(COCC=C)COCC=C",acrylate(C=C(C=O)),vinyl(C=C),0.9,,,"Generate two monomers for a TSMP, ensuring one includes acrylate(C=C(C=O)) in monomer1 and the other includes vinyl(C=C) in monomer2.",O=C(OCC1CO1)C3CC2OC2CC3C(=O)OCC4CO4,C=CCOCC(CO)(COCC=C)COCC=C
94,C=C(C)C(=O)OCCOCCOCCOCCOCCOCCOCCOCCOCCOCCOCCOCCOCCOCCOCCOCCOCCOCCOCCOCCOC(=O)C(=C)C,C=C(C)C(=O)OCCOCCOCCOCCOCCOCCOCCOCCOCCOCCOCCOCCOCCOCCOCCOCCOCCOCCOCCOCCOCC(C)(C)C(=O)OCCOCCOCCOCCOCCOCCOCCOCCOCCOCCOCCOCCOCC(C)(C)C(=O)OCCOCCOCCOCCOCCOCCOCCOCCOCCOCCOCCOCCOCC(C)(C)C(=O)OCCOCCOCCOCCOCCOCCOCCOCCOCCOCCOCCOCCOC(=O)C,"Here is a pair of monomers containing C=C(C=O) and C=C groups, ideal for TSMP design:
Monomer 1: C=C(C)C(=O)OCCOCCOCCOCCOCCOCCOCCOCCOCCOCCOCCOCCOCCOCCOCCOCCOCCOCCOCCOCCOC(=O)C(=C)C
Monomer 2: C=C(C)C(=O)OCCOCCOCCOCCOCCOCCOCCOCCOCCOCCOCCOCCOCCOCCOCCOCCOCCOCCOCCOCCOCC(C)(C)C(=O)OCCOCCOCCOCCOCCOCCOCCOCCOCCOCCOCCOCCOCC(C)(C)C(=O)OCCOCCOCCOCCOCCOCCOCCOCCOCCOCCOCCOCCOCC(C)(C)C(=O)OCCOCCOCCOCCOCCOCCOCCOCCOCCOCCOCCOCCOC(=O)C",acrylate(C=C(C=O)),vinyl(C=C),0.9,,,"Generate two monomers for a TSMP, ensuring one includes acrylate(C=C(C=O)) in monomer1 and the other includes vinyl(C=C) in monomer2.",C=C(C)C(=O)OCCOCCOCCOCCOCCOCCOCCOCCOCCOCCOCCOCCOCCOCCOCCOCCOCCOCCOCCOCCOC(=O)C(=C)C,C=C(C)C(=O)OCCOCCOCCOCCOCCOCCOCCOCCOCCOCCOCCOCCOCCOCCOCCOCCOCCOCCOCCOCCOCC(C)(C)C(=O)OCCOCCOCCOCCOCCOCCOCCOCCOCCOCCOCCOCCOCC(C)(C)C(=O)OCCOCCOCCOCCOCCOCCOCCOCCOCCOCCOCCOCCOCC(C)(C)C(=O)OCCOCCOCCOCCOCCOCCOCCOCCOCCOCCOCCOCCOC(=O)C
96,C=CCOCC(CO)(COCC=C)COCC=C,CC(=O)OCCOCCOCCOCCOCCOCCOCCOCCOCCOCCOCCOCCOCCOCCOCCOCCOCCOCCOCCOCCOCCOCCOCCOCCOCC(C=O)C(=O)OCC(C)OCC(C)OCC(C)OCC(C)OCC(C)OCC(C)OCC(C)OCC(C)OCC(C)OCC(C)N,"Here's a pair of monomers containing vinyl and hydroxyl groups for potential TSMP formation:
Monomer 1: C=CCOCC(CO)(COCC=C)COCC=C
Monomer 2: CC(=O)OCCOCCOCCOCCOCCOCCOCCOCCOCCOCCOCCOCCOCCOCCOCCOCCOCCOCCOCCOCCOCCOCCOCCOCCOCC(C=O)C(=O)OCC(C)OCC(C)OCC(C)OCC(C)OCC(C)OCC(C)OCC(C)OCC(C)OCC(C)OCC(C)N",vinyl(C=C),hydroxyl(=O),0.9,,,Design a thermoset shape memory polymer using monomers that include vinyl(C=C) in monomer1 and hydroxyl(=O) in monomer2.,C=CCOCC(CO)(COCC=C)COCC=C,CC(=O)OCCOCCOCCOCCOCCOCCOCCOCCOCCOCCOCCOCCOCCOCCOCCOCCOCCOCCOCCOCCOCCOCCOCCOCCOCC(C=O)C(=O)OCC(C)OCC(C)OCC(C)OCC(C)OCC(C)OCC(C)OCC(C)OCC(C)OCC(C)OCC(C)N
98,C=C(C)C(=O)OCCOCCOCCOCCOCCOCCOCCOCCOCCOCCOCCOCCOCCOCCOCCOCCOCCOCCOCCOCCOC(=O)C(=C)C,C=C(C)C(=O)OCC(O)COc2ccc(C(C)(C)c1ccc(OCC(O)COC(=O)C(=C)C)cc1)cc2,"Here's a TSMP that includes the requested functional groups:
Monomer 1 (contains C=C): C=C(C)C(=O)OCCOCCOCCOCCOCCOCCOCCOCCOCCOCCOCCOCCOCCOCCOCCOCCOCCOCCOCCOCCOC(=O)C(=C)C
Monomer 2 (contains =O): C=C(C)C(=O)OCC(O)COc2ccc(C(C)(C)c1ccc(OCC(O)COC(=O)C(=C)C)cc1)cc2",vinyl(C=C),hydroxyl(=O),0.9,,,Design a thermoset shape memory polymer using monomers that include vinyl(C=C) in monomer1 and hydroxyl(=O) in monomer2.,C=C(C)C(=O)OCCOCCOCCOCCOCCOCCOCCOCCOCCOCCOCCOCCOCCOCCOCCOCCOCCOCCOCCOCCOC(=O)C(=C)C,C=C(C)C(=O)OCC(O)COc2ccc(C(C)(C)c1ccc(OCC(O)COC(=O)C(=C)C)cc1)cc2
99,c1ccc3c(c1)c2ccccc2C3(c5ccc(OCCOCC4CO4)cc5)c7ccc(OCCOCC6CO6)cc7,CC(=O)OCCOCCOCCOCCOCCOCCOCCOCCOCCOCCOC(=O)C(C)=O,"Monomer 1 will be based on vinyl(C=C): c1ccc3c(c1)c2ccccc2C3(c5ccc(OCCOCC4CO4)cc5)c7ccc(OCCOCC6CO6)cc7
Monomer 2 will be based on =O: CC(=O)OCCOCCOCCOCCOCCOCCOCCOCCOCCOCCOC(=O)C(C)=O",vinyl(C=C),hydroxyl(=O),0.9,,,Design a thermoset shape memory polymer using monomers that include vinyl(C=C) in monomer1 and hydroxyl(=O) in monomer2.,c1ccc3c(c1)c2ccccc2C3(c5ccc(OCCOCC4CO4)cc5)c7ccc(OCCOCC6CO6)cc7,CC(=O)OCCOCCOCCOCCOCCOCCOCCOCCOCCOCCOC(=O)C(C)=O
101,CC(C/C=C\\CC(=O)OCC(O)COc3ccc(C(C)(C)c2ccc(OCC1CO1)cc2)cc3)C(=O)OCC(O)COc6ccc(C(C)(C)c5ccc(OCC4CO4)cc5)cc6,NCCNCCN(CCNCCC(CN)CCN)CCN(CCNCCN)CCN(CCN)CCN,"Here's a pair of monomers containing C1OC1 and NC groups, ideal for TSMP design:
Monomer 1: CC(C/C=C\CC(=O)OCC(O)COc3ccc(C(C)(C)c2ccc(OCC1CO1)cc2)cc3)C(=O)OCC(O)COc6ccc(C(C)(C)c5ccc(OCC4CO4)cc5)cc6
Monomer 2: NCCNCCN(CCNCCC(CN)CCN)CCN(CCNCCN)CCN(CCN)CCN",epoxy(C1OC1),imine(NC),1.0,,,"Generate two monomers for a TSMP, ensuring one includes epoxy(C1OC1) in monomer1 and the other includes imine(NC) in monomer2.",CC(C/C=C\\CC(=O)OCC(O)COc3ccc(C(C)(C)c2ccc(OCC1CO1)cc2)cc3)C(=O)OCC(O)COc6ccc(C(C)(C)c5ccc(OCC4CO4)cc5)cc6,NCCNCCN(CCNCCC(CN)CCN)CCN(CCNCCN)CCN(CCN)CCN
107,C=CCOCC(CO)(COCC=C)COCC=C,CC(C)(C)C6CC2(CCS)C1CC1(COC(=O)CCS)COC(=O)CCS2,"Here's a TSMP that includes the requested functional groups:
Monomer 1 (contains C=C): C=CCOCC(CO)(COCC=C)COCC=C
Monomer 2 (contains CCS): CC(C)(C)C6CC2(CCS)C1CC1(COC(=O)CCS)COC(=O)CCS2",vinyl(C=C),thiol(CCS),1.0,,,Suggest a TSMP system with one monomer having vinyl(C=C) in monomer1 and the other featuring thiol(CCS) in monomer2.,C=CCOCC(CO)(COCC=C)COCC=C,CCC(COC(O)CCS)COC(O)CCSC(CCS)CCC(C)(C)C
111,C=C(C)C(=O)OCCOCCOCCOCCOCCOCCOCCOCCOC(=O)C(=C)C,C=C(C)C(=C)C6CCCCC1CCCCC4CCCCC2CCCCC3CCCCC5OC1C(=O)OC2C(=O)NCCS,"Here's a TSMP that includes the requested functional groups:
Monomer 1 (contains C=C): C=C(C)C(=O)OCCOCCOCCOCCOCCOCCOCCOCCOC(=O)C(=C)C
Monomer 2 (contains C=C): C=C(C)C(=C)C6CCCCC1CCCCC4CCCCC2CCCCC3CCCCC5OC1C(=O)OC2C(=O)NCCS",vinyl(C=C),vinyl(C=C),1.0,,,Suggest a TSMP system with one monomer having vinyl(C=C) in monomer1 and the other featuring vinyl(C=C) in monomer2.,C=C(C)C(=O)OCCOCCOCCOCCOCCOCCOCCOCCOC(=O)C(=C)C,CC(C)C(C)CCCCCC1CCCCCCCCCC2CCCCCCCCCCOC1C(O)OC2C(O)NCCS
116,c3cc(N(CC1CC1)CC2CO2)ccc3Cc6ccc(N(CC4CC4)CC5CO5)cc6,C=C(C)C(=O)OCCOCCOCCOCCOCCOCCOCCOCCOCCOCCOCCOCCOCCOCCOCCOCCOCCOCCOCCOCCOC(=O)C(=C)C,"Monomer 1 includes C=C(C=O) groups for controlled crosslinking: c3cc(N(CC1CC1)CC2CO2)ccc3Cc6ccc(N(CC4CC4)CC5CO5)cc6
Monomer 2 features C=C groups for vinyl chemistry: C=C(C)C(=O)OCCOCCOCCOCCOCCOCCOCCOCCOCCOCCOCCOCCOCCOCCOCCOCCOCCOCCOCCOCCOC(=O)C(=C)C",acrylate(C=C(C=O)),vinyl(C=C),1.0,,,Suggest a TSMP system with one monomer having acrylate(C=C(C=O)) in monomer1 and the other featuring vinyl(C=C) in monomer2.,c3cc(N(CC1CC1)CC2CO2)ccc3Cc6ccc(N(CC4CC4)CC5CO5)cc6,C=C(C)C(=O)OCCOCCOCCOCCOCCOCCOCCOCCOCCOCCOCCOCCOCCOCCOCCOCCOCCOCCOCCOCCOC(=O)C(=C)C
120,C=C(C)C(=O)OCCOCCOCCOCCOCCOCCOCCOCCOCCOCCOCCOCCOCCOCCOCCOCCOCCOCCOCCOCCOC(=O)C(=C)C,C=C(C)C(=C)OCOCCOC(=O)C(=C)C,"Here's a TSMP that includes the requested functional groups:
Monomer 1 (contains C=C(C=O)): C=C(C)C(=O)OCCOCCOCCOCCOCCOCCOCCOCCOCCOCCOCCOCCOCCOCCOCCOCCOCCOCCOCCOCCOC(=O)C(=C)C
Monomer 2 (contains C=C): C=C(C)C(=C)OCOCCOC(=O)C(=C)C",acrylate(C=C(C=O)),vinyl(C=C),1.0,,,Suggest a TSMP system with one monomer having acrylate(C=C(C=O)) in monomer1 and the other featuring vinyl(C=C) in monomer2.,C=C(C)C(=O)OCCOCCOCCOCCOCCOCCOCCOCCOCCOCCOCCOCCOCCOCCOCCOCCOCCOCCOCCOCCOC(=O)C(=C)C,C=C(C)C(=C)OCOCCOC(=O)C(=C)C
121,C=C(C)C(=O)OCCOCCOCCOCCOCCOCCOCCOCCOCCOCCOCCOCCOC(=O)C(=C)C,C=C(C)C(=O)OCCOCCOCCOCCOCCOCCOCCOCCOCCOCCOCCOCCOCCOCCOCCOCCOCCOCCOCCOCCOCCOCCOCCOCCOCCOCCOCCOCCOCCOCCOCCOCCOCCOCCOCC(C)(C)C(=O)OCC(O)CC(O)CC(O)CC(O)C(=O)C(=C)C,"Here's a TSMP that includes the requested functional groups:
Monomer 1 (contains vinyl(C=C)): C=C(C)C(=O)OCCOCCOCCOCCOCCOCCOCCOCCOCCOCCOCCOCCOC(=O)C(=C)C
Monomer 2 (contains hydroxyl(=O)): C=C(C)C(=O)OCCOCCOCCOCCOCCOCCOCCOCCOCCOCCOCCOCCOCCOCCOCCOCCOCCOCCOCCOCCOCCOCCOCCOCCOCCOCCOCCOCCOCCOCCOCCOCCOCCOCCOCC(C)(C)C(=O)OCC(O)CC(O)CC(O)CC(O)C(=O)C(=C)C",vinyl(C=C),hydroxyl(=O),1.0,,,Design a thermoset shape memory polymer using monomers that include vinyl(C=C) in monomer1 and hydroxyl(=O) in monomer2.,C=C(C)C(=O)OCCOCCOCCOCCOCCOCCOCCOCCOCCOCCOCCOCCOC(=O)C(=C)C,C=C(C)C(=O)OCCOCCOCCOCCOCCOCCOCCOCCOCCOCCOCCOCCOCCOCCOCCOCCOCCOCCOCCOCCOCCOCCOCCOCCOCCOCCOCCOCCOCCOCCOCCOCCOCCOCCOCC(C)(C)C(=O)OCC(O)CC(O)CC(O)CC(O)C(=O)C(=C)C
122,C=C(C)C(=O)OCCOCCOCCOCCOCCOCCOCCOCCOCCOCCOCCOCCOCCOCCOCCOCCOCCOCCOCCOCCOC(=O)C(=C)C,C=C(C)C(=O)OCCOCCOCCOCCOCCOCCOCCOCCOCCOCCOCCOCCOCCOCCOCCOCCOCC(C)(COCCOCCOCCOCCOCCOCCOCCOCCOCCOCCOCCOCCOCCOCCOCCOCCOCCOCC(C)C(=O)C(=C)C,"Monomer 1 will include C=C groups: C=C(C)C(=O)OCCOCCOCCOCCOCCOCCOCCOCCOCCOCCOCCOCCOCCOCCOCCOCCOCCOCCOCCOCCOC(=O)C(=C)C
Monomer 2 will include =O groups: C=C(C)C(=O)OCCOCCOCCOCCOCCOCCOCCOCCOCCOCCOCCOCCOCCOCCOCCOCCOCC(C)(COCCOCCOCCOCCOCCOCCOCCOCCOCCOCCOCCOCCOCCOCCOCCOCCOCCOCC(C)C(=O)C(=C)C",vinyl(C=C),hydroxyl(=O),1.0,,,Design a thermoset shape memory polymer using monomers that include vinyl(C=C) in monomer1 and hydroxyl(=O) in monomer2.,C=C(C)C(=O)OCCOCCOCCOCCOCCOCCOCCOCCOCCOCCOCCOCCOCCOCCOCCOCCOCCOCCOCCOCCOC(=O)C(=C)C,CC(COCCOCCOCCOCCOCCOCCOCCOCCOCCOCCOCCOCCOCCOCCOCCOCCOCCOCC(C)C(O)C(C)C)COCCOCCOCCOCCOCCOCCOCCOCCOCCOCCOCCOCCOCCOCCOCCOCCOC(O)C(C)C
145,C=C(C)C(=O)OCCOCCOCCOCCOCCOCCOCCOCCOCCOCCOCCOCCOCCOCCOCCOCCOCCOCCOCCOCCOC(=O)C(=C)C,C=CC(=O)OCCCC,"Here is a TSMP designed for Tg â‰ˆ 100Â°C and Er â‰ˆ 100Mpa:
Monomer 1: C=C(C)C(=O)OCCOCCOCCOCCOCCOCCOCCOCCOCCOCCOCCOCCOCCOCCOCCOCCOCCOCCOCCOCCOC(=O)C(=C)C
Monomer 2: C=CC(=O)OCCCC",,,0.3,100.0,100.0,Generate a thermoset shape memory polymer with Tg = 100Â°C and Er = 100 MPa.,C=C(C)C(=O)OCCOCCOCCOCCOCCOCCOCCOCCOCCOCCOCCOCCOCCOCCOCCOCCOCCOCCOCCOCCOC(=O)C(=C)C,C=CC(=O)OCCCC
169,C=C(C)C(=O)OCCOCCOCCOCCOCCOCCOCCOCCOCCOCCOCCOCCOCCOCCOCCOCCOCCOCCOCCOCCOC(=O)C(=C)C,C=C(C)C(=O)OCCOCCOCCOCCOCCOCCOCCOCCOCCOCCOCCOCCOCCOCCOCCOCCOCCOCCOCCOCCOC(=O)C(=C)C,"Here is a TSMP designed for Tg â‰ˆ 100Â°C and Er â‰ˆ 100Mpa:
Monomer 1: C=C(C)C(=O)OCCOCCOCCOCCOCCOCCOCCOCCOCCOCCOCCOCCOCCOCCOCCOCCOCCOCCOCCOCCOC(=O)C(=C)C
Monomer 2: C=C(C)C(=O)OCCOCCOCCOCCOCCOCCOCCOCCOCCOCCOCCOCCOCCOCCOCCOCCOCCOCCOCCOCCOC(=O)C(=C)C",,,0.5,100.0,100.0,Generate a thermoset shape memory polymer with Tg = 100Â°C and Er = 100 MPa.,C=C(C)C(=O)OCCOCCOCCOCCOCCOCCOCCOCCOCCOCCOCCOCCOCCOCCOCCOCCOCCOCCOCCOCCOC(=O)C(=C)C,C=C(C)C(=O)OCCOCCOCCOCCOCCOCCOCCOCCOCCOCCOCCOCCOCCOCCOCCOCCOCCOCCOCCOCCOC(=O)C(=C)C
171,C=C(C)C(=O)OCCOCCOCCOCCOCCOCCOCCOCCOCCOCCOCCOCCOCCOCCOCCOCCOCCOCCOCCOCCOC(=O)C(=C)C,C=C(C)C(=O)OCCOCCOCCOCCOCCOCCOCCOCCOCCOCCOCCOCCOCCOCCOCCOCCOCCOCCOCCOCCOC(=O)C(=C)C,"Here is a TSMP designed for Tg â‰ˆ 50Â°C and Er â‰ˆ 20Mpa:
Monomer 1: C=C(C)C(=O)OCCOCCOCCOCCOCCOCCOCCOCCOCCOCCOCCOCCOCCOCCOCCOCCOCCOCCOCCOCCOC(=O)C(=C)C
Monomer 2: C=C(C)C(=O)OCCOCCOCCOCCOCCOCCOCCOCCOCCOCCOCCOCCOCCOCCOCCOCCOCCOCCOCCOCCOC(=O)C(=C)C",,,0.5,50.0,20.0,Generate a thermoset shape memory polymer with Tg = 50Â°C and Er = 20 MPa.,C=C(C)C(=O)OCCOCCOCCOCCOCCOCCOCCOCCOCCOCCOCCOCCOCCOCCOCCOCCOCCOCCOCCOCCOC(=O)C(=C)C,C=C(C)C(=O)OCCOCCOCCOCCOCCOCCOCCOCCOCCOCCOCCOCCOCCOCCOCCOCCOCCOCCOCCOCCOC(=O)C(=C)C
172,C=CCc4ccc(OCC1CO1)c(c2cc(CC=C)ccc2OCC3CO3)c4,C=C(C)C(=O)OCCOCCOCCOCCOCCOCCOCCOCCOCCOCCOCCOCCOCCOCCOCCOCCOCCOCCOCCOCCOC(=O)C(=C)C,"Here is a TSMP designed for Tg â‰ˆ 50Â°C and Er â‰ˆ 20Mpa:
Monomer 1: C=CCc4ccc(OCC1CO1)c(c2cc(CC=C)ccc2OCC3CO3)c4
Monomer 2: C=C(C)C(=O)OCCOCCOCCOCCOCCOCCOCCOCCOCCOCCOCCOCCOCCOCCOCCOCCOCCOCCOCCOCCOC(=O)C(=C)C",,,0.5,50.0,20.0,Generate a thermoset shape memory polymer with Tg = 50Â°C and Er = 20 MPa.,C=CCc4ccc(OCC1CO1)c(c2cc(CC=C)ccc2OCC3CO3)c4,C=C(C)C(=O)OCCOCCOCCOCCOCCOCCOCCOCCOCCOCCOCCOCCOCCOCCOCCOCCOCCOCCOCCOCCOC(=O)C(=C)C
194,C=CCc4ccc(OCC1CO1)c(c2cc(CC=C)ccc2OCC3CO3)c4,C=C(C)C(=O)OCCOCCOCCOCCOCCOCCOCCOCCOCCOCCOCCOCCOCCOCCOCCOCCOCCOCCOCCOCCOC(=O)C(=C)C,"Great choice of properties and groups. Here's a compatible monomer pair:
Monomer 1: C=CCc4ccc(OCC1CO1)c(c2cc(CC=C)ccc2OCC3CO3)c4
Monomer 2: C=C(C)C(=O)OCCOCCOCCOCCOCCOCCOCCOCCOCCOCCOCCOCCOCCOCCOCCOCCOCCOCCOCCOCCOC(=O)C(=C)C",,,0.7,100.0,100.0,Design a TSMP with a glass transition temperature of 100Â°C and an recovery stress of 100 MPa.,C=CCc4ccc(OCC1CO1)c(c2cc(CC=C)ccc2OCC3CO3)c4,C=C(C)C(=O)OCCOCCOCCOCCOCCOCCOCCOCCOCCOCCOCCOCCOCCOCCOCCOCCOCCOCCOCCOCCOC(=O)C(=C)C
199,C=C(C)C(=O)OCCOCCOCCOCCOCCOCCOCCOCCOCCOCCOCCOCCOCCOCCOCCOCCOCCOCCOCCOCCOC(=O)C(=C)C,C=C(C)C(=O)OCCOCCOCCOCCOCCOCCOCCOCCOCCOCCOCCOCCOCCOCCOCCOCCOCCOCCOCCOCCOC(=O)C(=C)C,"Here is a TSMP designed for Tg â‰ˆ 50Â°C and Er â‰ˆ 20Mpa:
Monomer 1: C=C(C)C(=O)OCCOCCOCCOCCOCCOCCOCCOCCOCCOCCOCCOCCOCCOCCOCCOCCOCCOCCOCCOCCOC(=O)C(=C)C
Monomer 2: C=C(C)C(=O)OCCOCCOCCOCCOCCOCCOCCOCCOCCOCCOCCOCCOCCOCCOCCOCCOCCOCCOCCOCCOC(=O)C(=C)C",,,0.7,50.0,20.0,Generate a thermoset shape memory polymer with Tg = 50Â°C and Er = 20 MPa.,C=C(C)C(=O)OCCOCCOCCOCCOCCOCCOCCOCCOCCOCCOCCOCCOCCOCCOCCOCCOCCOCCOCCOCCOC(=O)C(=C)C,C=C(C)C(=O)OCCOCCOCCOCCOCCOCCOCCOCCOCCOCCOCCOCCOCCOCCOCCOCCOCCOCCOCCOCCOC(=O)C(=C)C
201,C=C(C)C(=O)OCCOCCOCCOCCOCCOCCOCCOCCOCCOCCOCCOCCOCCOCCOCCOCCOCCOC(=O)C(=C)C,C=C(C)C(=O)OCCOCCOCCOCCOCCOCCOCCOCCOCCOC(=O)C(C)=O,"Here is a TSMP designed for Tg â‰ˆ 100Â°C and Er â‰ˆ 40Mpa:
Monomer 1: C=C(C)C(=O)OCCOCCOCCOCCOCCOCCOCCOCCOCCOCCOCCOCCOCCOCCOCCOCCOCCOC(=O)C(=C)C
Monomer 2: C=C(C)C(=O)OCCOCCOCCOCCOCCOCCOCCOCCOCCOC(=O)C(C)=O",,,0.9,100.0,40.0,Suggest a polymer system for Tg â‰ˆ 100Â°C and Er â‰ˆ 40 MPa.,C=C(C)C(=O)OCCOCCOCCOCCOCCOCCOCCOCCOCCOCCOCCOCCOCCOCCOCCOCCOCCOC(=O)C(=C)C,C=C(C)C(=O)OCCOCCOCCOCCOCCOCCOCCOCCOCCOC(=O)C(C)=O
204,C=C(C)C(=O)OCCOCCOCCOCCOCCOCCOCCOCCOCCOCCOCCOCCOC(=O)C(=C)C,C=CC(=O)OCCCC,"Here is a TSMP designed for Tg â‰ˆ 100Â°C and Er â‰ˆ 40Mpa:
Monomer 1: C=C(C)C(=O)OCCOCCOCCOCCOCCOCCOCCOCCOCCOCCOCCOCCOC(=O)C(=C)C
Monomer 2: C=CC(=O)OCCCC",,,0.9,100.0,40.0,Suggest a polymer system for Tg â‰ˆ 100Â°C and Er â‰ˆ 40 MPa.,C=C(C)C(=O)OCCOCCOCCOCCOCCOCCOCCOCCOCCOCCOCCOCCOC(=O)C(=C)C,C=CC(=O)OCCCC
216,C=CCOCC(CO)(COCC=C)COCC=C,C=C(C)C(=O)OCCOCCOCCOCCOCCOCCOCCOCCOCCOC(=O)C(=C)C,"Here is a TSMP designed for Tg â‰ˆ 100Â°C and Er â‰ˆ 100Mpa:
Monomer 1: C=CCOCC(CO)(COCC=C)COCC=C
Monomer 2: C=C(C)C(=O)OCCOCCOCCOCCOCCOCCOCCOCCOCCOC(=O)C(=C)C",,,0.9,100.0,100.0,Design a TSMP with a glass transition temperature of 100Â°C and an recovery stress of 100 MPa.,C=CCOCC(CO)(COCC=C)COCC=C,C=C(C)C(=O)OCCOCCOCCOCCOCCOCCOCCOCCOCCOC(=O)C(=C)C
222,C=C(C)C(=O)OCCOCCOCCOCCOCCOCCOCCOCCOCCOCCOCCOCCOCCOCCOCCOCCOCCOCCOCCOCCOC(=O)C(=C)C,C=C(C)C(=O)OCCOCCOCCOCCOCCOCCOCCOCCOCCOCCOCCOCCOCCOC(=O)C(=C)C,"Here is a TSMP designed for Tg â‰ˆ 50Â°C and Er â‰ˆ 20Mpa:
Monomer 1: C=C(C)C(=O)OCCOCCOCCOCCOCCOCCOCCOCCOCCOCCOCCOCCOCCOCCOCCOCCOCCOCCOCCOCCOC(=O)C(=C)C
Monomer 2: C=C(C)C(=O)OCCOCCOCCOCCOCCOCCOCCOCCOCCOCCOCCOCCOCCOC(=O)C(=C)C",,,0.9,50.0,20.0,Suggest a polymer system for Tg â‰ˆ 50Â°C and Er â‰ˆ 20 MPa.,C=C(C)C(=O)OCCOCCOCCOCCOCCOCCOCCOCCOCCOCCOCCOCCOCCOCCOCCOCCOCCOCCOCCOCCOC(=O)C(=C)C,C=C(C)C(=O)OCCOCCOCCOCCOCCOCCOCCOCCOCCOCCOCCOCCOCCOC(=O)C(=C)C
228,CC(C/C=C\\CC(=O)OCC(O)COc3ccc(C(C)(C)c2ccc(OCC1CO1)cc2)cc3)C(=O)OCC(O)COc6ccc(C(C)(C)c5ccc(OCC4CO4)cc5)cc6,Nc2ccc(SSc1ccc(N)cc1)cc2,"Here is a TSMP designed for Tg â‰ˆ 100Â°C and Er â‰ˆ 40Mpa:
Monomer 1: CC(C/C=C\CC(=O)OCC(O)COc3ccc(C(C)(C)c2ccc(OCC1CO1)cc2)cc3)C(=O)OCC(O)COc6ccc(C(C)(C)c5ccc(OCC4CO4)cc5)cc6
Monomer 2: Nc2ccc(SSc1ccc(N)cc1)cc2",,,1.0,100.0,40.0,Suggest a polymer system for Tg â‰ˆ 100Â°C and Er â‰ˆ 40 MPa.,CC(C/C=C\\CC(=O)OCC(O)COc3ccc(C(C)(C)c2ccc(OCC1CO1)cc2)cc3)C(=O)OCC(O)COc6ccc(C(C)(C)c5ccc(OCC4CO4)cc5)cc6,Nc2ccc(SSc1ccc(N)cc1)cc2
230,C=CCn1c(=O)n(CC=C)c(=O)n(CC=C)c1=O,CCC(COCC(C)COCC(C)N)(COCC(C)OCC(C)N)COCC(C)OCC(C)N,"Great choice of properties and groups. Here's a compatible monomer pair:
Monomer 1: C=CCn1c(=O)n(CC=C)c(=O)n(CC=C)c1=O
Monomer 2: CCC(COCC(C)COCC(C)N)(COCC(C)OCC(C)N)COCC(C)OCC(C)N",,,1.0,100.0,40.0,Suggest a polymer system for Tg â‰ˆ 100Â°C and Er â‰ˆ 40 MPa.,C=CCn1c(=O)n(CC=C)c(=O)n(CC=C)c1=O,CCC(COCC(C)COCC(C)N)(COCC(C)OCC(C)N)COCC(C)OCC(C)N
232,Nc2ccc(Oc1ccc(N)cc1)cc2,CC(C)(C)CCS,"Great choice of properties and groups. Here's a compatible monomer pair:
Monomer 1: Nc2ccc(Oc1ccc(N)cc1)cc2
Monomer 2: CC(C)(C)C CS",,,1.0,150.0,30.0,Suggest a polymer system for Tg â‰ˆ 150Â°C and Er â‰ˆ 30 MPa.,Nc2ccc(Oc1ccc(N)cc1)cc2,CC(C)(C)CCS
248,C=CCOC(CC)(CO)CO,C=C(C)C(=O)OCCCC,"Sure! Here's a TSMP that matches your request:
Monomer 1: C=CCOC(CC)(CO)CO
Monomer 2: C=C(C)C(=O)OCCCC",,,1.0,50.0,20.0,Generate a thermoset shape memory polymer with Tg = 50Â°C and Er = 20 MPa.,C=CCOC(CC)(CO)CO,C=C(C)C(=O)OCCCC
261,C=C(C)C(=O)OCCOCCOCCOCCOCCOCCOCCOCCOCCOCCOCCOCCOCCOCCOCCOCCOCCOCCOCCOCCOC(=O)C(=C)C,C=C(C)C(=O)OCCOCCOCCOCCOCCOCCOCCOCCOCCOCCOCCOCCOCCOCCOCCOCCOCCOCCOCCOCCOCC(C)C(=O)OCCOCCOCCOCCOCCOCCOCCOCCOCCOCCOCCOCCOCCOCCOCCOCCOCCOCCOCCOCCOCC(C)C(=O)OCCOCCOCCOCCOCCOCCOCCOCCOCCOCCOCCOCCOCCOCCOCCOCCOCCOCCOCCOCCOCC(C)C(=O)OCCOCCOCCOCCOCCO,"Here's a TSMP that matches your request:
Monomer 1 (contains C=C): C=C(C)C(=O)OCCOCCOCCOCCOCCOCCOCCOCCOCCOCCOCCOCCOCCOCCOCCOCCOCCOCCOCCOCCOC(=O)C(=C)C
Monomer 2 (contains C=C): C=C(C)C(=O)OCCOCCOCCOCCOCCOCCOCCOCCOCCOCCOCCOCCOCCOCCOCCOCCOCCOCCOCCOCCOCC(C)C(=O)OCCOCCOCCOCCOCCOCCOCCOCCOCCOCCOCCOCCOCCOCCOCCOCCOCCOCCOCCOCCOCC(C)C(=O)OCCOCCOCCOCCOCCOCCOCCOCCOCCOCCOCCOCCOCCOCCOCCOCCOCCOCCOCCOCCOCC(C)C(=O)OCCOCCOCCOCCOCCO",vinyl(C=C),vinyl(C=C),0.3,200.0,27.0,"Suggest a TSMP system that satisfies Tg = 200Â°C and Er = 27 MPa, incorporating vinyl(C=C) and vinyl(C=C) functionalities.",C=C(C)C(=O)OCCOCCOCCOCCOCCOCCOCCOCCOCCOCCOCCOCCOCCOCCOCCOCCOCCOCCOCCOCCOC(=O)C(=C)C,C=C(C)C(=O)OCCOCCOCCOCCOCCOCCOCCOCCOCCOCCOCCOCCOCCOCCOCCOCCOCCOCCOCCOCCOCC(C)C(=O)OCCOCCOCCOCCOCCOCCOCCOCCOCCOCCOCCOCCOCCOCCOCCOCCOCCOCCOCCOCCOCC(C)C(=O)OCCOCCOCCOCCOCCOCCOCCOCCOCCOCCOCCOCCOCCOCCOCCOCCOCCOCCOCCOCCOCC(C)C(=O)OCCOCCOCCOCCOCCO
263,C=C(C)C(=O)OCCOCCOCCOCCOCCOCCOCCOCCOCCOCCOCCOCCOCCOCCOCCOCCOCCOC(=O)C(=C)C,C=C(C)C(=C)OCOCCOC(=O)C(=C)C,"Here's a TSMP that matches your request:
Monomer 1 (rich in C=C): C=C(C)C(=O)OCCOCCOCCOCCOCCOCCOCCOCCOCCOCCOCCOCCOCCOCCOCCOCCOCCOC(=O)C(=C)C
Monomer 2 (rich in C=C): C=C(C)C(=C)OCOCCOC(=O)C(=C)C",vinyl(C=C),vinyl(C=C),0.3,200.0,27.0,"Suggest a TSMP system that satisfies Tg = 200Â°C and Er = 27 MPa, incorporating vinyl(C=C) and vinyl(C=C) functionalities.",C=C(C)C(=O)OCCOCCOCCOCCOCCOCCOCCOCCOCCOCCOCCOCCOCCOCCOCCOCCOCCOC(=O)C(=C)C,C=C(C)C(=C)OCOCCOC(=O)C(=C)C
264,C=C(C)C(=O)OCCOCCOCCOCCOCCOCCOCCOCCOCCOCCOCCOCCOCCOCCOCCOCCOCCOCCOCCOCCOC(=O)C(=C)C,C=C(C)C(=O)OCCOCCOCCOCCOCCOCCOCCOCCOCCOCCOCCOCCOCCOCCOCCOCCOCCOCCOCCOCCOC(=O)C(=C)C,"Here's a pair of monomers fulfilling the criteria of Tg = 200Â°C, Er = 27Mpa, and containing C=C groups:
Monomer 1: C=C(C)C(=O)OCCOCCOCCOCCOCCOCCOCCOCCOCCOCCOCCOCCOCCOCCOCCOCCOCCOCCOCCOCCOC(=O)C(=C)C
Monomer 2: C=C(C)C(=O)OCCOCCOCCOCCOCCOCCOCCOCCOCCOCCOCCOCCOCCOCCOCCOCCOCCOCCOCCOCCOC(=O)C(=C)C",vinyl(C=C),vinyl(C=C),0.3,200.0,27.0,"Suggest a TSMP system that satisfies Tg = 200Â°C and Er = 27 MPa, incorporating vinyl(C=C) and vinyl(C=C) functionalities.",C=C(C)C(=O)OCCOCCOCCOCCOCCOCCOCCOCCOCCOCCOCCOCCOCCOCCOCCOCCOCCOCCOCCOCCOC(=O)C(=C)C,C=C(C)C(=O)OCCOCCOCCOCCOCCOCCOCCOCCOCCOCCOCCOCCOCCOCCOCCOCCOCCOCCOCCOCCOC(=O)C(=C)C
265,C=C(C)C(=O)OCCOCCOCCOCCOCCOCCOCCOCCOCCOCCOCCOCCOCCOCCOCCOCCOCCOCCOCCOCCOC(=O)C(=C)C,C=C(C)C(=O)OCCOCCOCCOCCOCCOCCOCCOCCOCCOCCOCCOCCOCCOCCOCCOCCOCCOCCOCCOCCOCC(C)C(=O)OCCOCCOCCOCCOCCOCCOCCOCCOCCOCCOCCOCCOCCOCCOCCOCCOCCOCCOCCOCCOCC(C)C(=O)OCCOCCOCCOCCOCCOCCOCCOCCOCCOCCOCCOCCOCCOCCOCCOCCOCCOCCOCCOCCOCC(C),"Here's a pair of monomers fulfilling the criteria of Tg = 200Â°C, Er = 27Mpa, and containing C=C groups:
Monomer 1: C=C(C)C(=O)OCCOCCOCCOCCOCCOCCOCCOCCOCCOCCOCCOCCOCCOCCOCCOCCOCCOCCOCCOCCOC(=O)C(=C)C
Monomer 2: C=C(C)C(=O)OCCOCCOCCOCCOCCOCCOCCOCCOCCOCCOCCOCCOCCOCCOCCOCCOCCOCCOCCOCCOCC(C)C(=O)OCCOCCOCCOCCOCCOCCOCCOCCOCCOCCOCCOCCOCCOCCOCCOCCOCCOCCOCCOCCOCC(C)C(=O)OCCOCCOCCOCCOCCOCCOCCOCCOCCOCCOCCOCCOCCOCCOCCOCCOCCOCCOCCOCCOCC(C)",vinyl(C=C),vinyl(C=C),0.3,200.0,27.0,"Suggest a TSMP system that satisfies Tg = 200Â°C and Er = 27 MPa, incorporating vinyl(C=C) and vinyl(C=C) functionalities.",C=C(C)C(=O)OCCOCCOCCOCCOCCOCCOCCOCCOCCOCCOCCOCCOCCOCCOCCOCCOCCOCCOCCOCCOC(=O)C(=C)C,C=C(C)C(=O)OCCOCCOCCOCCOCCOCCOCCOCCOCCOCCOCCOCCOCCOCCOCCOCCOCCOCCOCCOCCOCC(C)C(=O)OCCOCCOCCOCCOCCOCCOCCOCCOCCOCCOCCOCCOCCOCCOCCOCCOCCOCCOCCOCCOCC(C)C(=O)OCCOCCOCCOCCOCCOCCOCCOCCOCCOCCOCCOCCOCCOCCOCCOCCOCCOCCOCCOCCOCC(C)
272,C=C(C)C(=O)OCCOCCOCCOCCOCCOCCOCCOCCOCCOCCOCCOCCOCCOCCOCCOCCOCCOCCOCCOCCOC(=O)C(=C)C,C=C(C)C(=O)OCCOCCOCCOCCOCCOCCOCCOCCOCCOCCOCCOCCOCCOCCOCCOCCOCCOCCOCCOCCOC(=O)C(=C)C,"Here's a pair of monomers fulfilling the criteria of Tg = 50Â°C, Er = 20Mpa, and containing C=C/CO groups:
Monomer 1: C=C(C)C(=O)OCCOCCOCCOCCOCCOCCOCCOCCOCCOCCOCCOCCOCCOCCOCCOCCOCCOCCOCCOCCOC(=O)C(=C)C
Monomer 2: C=C(C)C(=O)OCCOCCOCCOCCOCCOCCOCCOCCOCCOCCOCCOCCOCCOCCOCCOCCOCCOCCOCCOCCOC(=O)C(=C)C",vinyl(C=C),hydroxyl(=O),0.3,50.0,20.0,"Suggest a TSMP system that satisfies Tg = 50Â°C and Er = 20 MPa, incorporating vinyl(C=C) and hydroxyl(=O) functionalities.",C=C(C)C(=O)OCCOCCOCCOCCOCCOCCOCCOCCOCCOCCOCCOCCOCCOCCOCCOCCOCCOCCOCCOCCOC(=O)C(=C)C,C=C(C)C(=O)OCCOCCOCCOCCOCCOCCOCCOCCOCCOCCOCCOCCOCCOCCOCCOCCOCCOCCOCCOCCOC(=O)C(=C)C
286,C=C(C)C(=O)OCCOCCOCCOCCOCCOCCOCCOCCOCCOCCOCCOCCOCCOCCOCCOCCOCCOCCOCCOCCOC(=O)C(=C)C,C=C(C)C(=O)OCCOCCOCCOCCOCCOCCOCCOCCOCCOCCOCCOCCOCCOCCOCCOCCOCCOCCOCCOCCOCC(C)COCC(C)OCC(C)OCC(C)OCC(C)OCC(C)OCC(C)OCC(C)OCC(C)OCC(C)OCC(C)OCC(C)OCC(C)OCC(C)OCC(C)OCC(C)OCC(C)OCC(C)OCC(C)OCC(C)OCC(C)OCC(C)OCC(C)OCC(C)OCC(C)OCC,"Here's a pair of monomers fulfilling the criteria of Tg = 200Â°C, Er = 27Mpa, and containing C=C groups:
Monomer 1: C=C(C)C(=O)OCCOCCOCCOCCOCCOCCOCCOCCOCCOCCOCCOCCOCCOCCOCCOCCOCCOCCOCCOCCOC(=O)C(=C)C
Monomer 2: C=C(C)C(=O)OCCOCCOCCOCCOCCOCCOCCOCCOCCOCCOCCOCCOCCOCCOCCOCCOCCOCCOCCOCCOCC(C)COCC(C)OCC(C)OCC(C)OCC(C)OCC(C)OCC(C)OCC(C)OCC(C)OCC(C)OCC(C)OCC(C)OCC(C)OCC(C)OCC(C)OCC(C)OCC(C)OCC(C)OCC(C)OCC(C)OCC(C)OCC(C)OCC(C)OCC(C)OCC(C)OCC",vinyl(C=C),vinyl(C=C),0.5,200.0,27.0,"Create a thermoset polymer with Tg = 200Â°C, Er = 27 MPa, and monomers featuring vinyl(C=C) in monomer1 and vinyl(C=C) in monomer2 groups.",C=C(C)C(=O)OCCOCCOCCOCCOCCOCCOCCOCCOCCOCCOCCOCCOCCOCCOCCOCCOCCOCCOCCOCCOC(=O)C(=C)C,C=C(C)C(=O)OCCOCCOCCOCCOCCOCCOCCOCCOCCOCCOCCOCCOCCOCCOCCOCCOCCOCCOCCOCCOCC(C)COCC(C)OCC(C)OCC(C)OCC(C)OCC(C)OCC(C)OCC(C)OCC(C)OCC(C)OCC(C)OCC(C)OCC(C)OCC(C)OCC(C)OCC(C)OCC(C)OCC(C)OCC(C)OCC(C)OCC(C)OCC(C)OCC(C)OCC(C)OCC(C)OCC
287,C=C(C)C(=O)OCCOCCOCCOCCOCCOCCOCCOCCOCCOCCOCCOCCOCCOCCOCCOCCOCCOCCOCCOCCOC(=O)C(=C)C, C=C(C)C(=O)OCCOCCOCCOCCOCCOCCOCCOCCOCCOCCOCCOCCOCCOCCOCCOCCOCCOCCOCCOCCOCC(C)C(=O)OCCOCCOCCOCCOCCOCCOCCOCCOCCOCCOCCOCCOCCOCCOCCOCCOCCOCCOCCOCCOCC(C)C(=O)OCCOCCOCCOCCOCCOCCOCCOCCOCCOCCOCCOCCOCCOCCOCCOCCOCCOCCOCCOCCOCC(C),"Here's a pair of monomers fulfilling the criteria of Tg = 200Â°C, Er = 27Mpa, and containing C=C groups:
Monomer 1: C=C(C)C(=O)OCCOCCOCCOCCOCCOCCOCCOCCOCCOCCOCCOCCOCCOCCOCCOCCOCCOCCOCCOCCOC(=O)C(=C)C
Monomer 2: C=C(C)C(=O)OCCOCCOCCOCCOCCOCCOCCOCCOCCOCCOCCOCCOCCOCCOCCOCCOCCOCCOCCOCCOCC(C)C(=O)OCCOCCOCCOCCOCCOCCOCCOCCOCCOCCOCCOCCOCCOCCOCCOCCOCCOCCOCCOCCOCC(C)C(=O)OCCOCCOCCOCCOCCOCCOCCOCCOCCOCCOCCOCCOCCOCCOCCOCCOCCOCCOCCOCCOCC(C)",vinyl(C=C),vinyl(C=C),0.5,200.0,27.0,"Create a thermoset polymer with Tg = 200Â°C, Er = 27 MPa, and monomers featuring vinyl(C=C) in monomer1 and vinyl(C=C) in monomer2 groups.",C=C(C)C(=O)OCCOCCOCCOCCOCCOCCOCCOCCOCCOCCOCCOCCOCCOCCOCCOCCOCCOCCOCCOCCOC(=O)C(=C)C,C=C(C)C(=O)OCCOCCOCCOCCOCCOCCOCCOCCOCCOCCOCCOCCOCCOCCOCCOCCOCCOCCOCCOCCOCC(C)C(=O)OCCOCCOCCOCCOCCOCCOCCOCCOCCOCCOCCOCCOCCOCCOCCOCCOCCOCCOCCOCCOCC(C)C(=O)OCCOCCOCCOCCOCCOCCOCCOCCOCCOCCOCCOCCOCCOCCOCCOCCOCCOCCOCCOCCOCC(C)
289,C=C(C)C(=O)OCCOCCOCCOCCOCCOCCOCCOCCOCCOCCOCCOCCOCCOCCOCCOCCOCCOCCOCCOCCOC(=O)C(=C)C,C=C(C)C(=O)OCCOCCOCCOCCOCCOCCOCCOCCOCCOCCOCCOCCOCCOCCOCCOCCOCCOCCOCCOCCOCCOCCOCCOCCOCCOCCOCCOCCOCCOCCOCCOCCOCCOCCOCCOCCOCCOCC(C)OCC(C)OCC(C)OCC(C)OCC(C)OCC(C)N,"Here's a pair of monomers fulfilling the criteria of Tg = 200Â°C, Er = 27Mpa, and containing C=C groups:
Monomer 1: C=C(C)C(=O)OCCOCCOCCOCCOCCOCCOCCOCCOCCOCCOCCOCCOCCOCCOCCOCCOCCOCCOCCOCCOC(=O)C(=C)C
Monomer 2: C=C(C)C(=O)OCCOCCOCCOCCOCCOCCOCCOCCOCCOCCOCCOCCOCCOCCOCCOCCOCCOCCOCCOCCOCCOCCOCCOCCOCCOCCOCCOCCOCCOCCOCCOCCOCCOCCOCCOCCOCCOCC(C)OCC(C)OCC(C)OCC(C)OCC(C)OCC(C)N",vinyl(C=C),vinyl(C=C),0.5,200.0,27.0,"Create a thermoset polymer with Tg = 200Â°C, Er = 27 MPa, and monomers featuring vinyl(C=C) in monomer1 and vinyl(C=C) in monomer2 groups.",C=C(C)C(=O)OCCOCCOCCOCCOCCOCCOCCOCCOCCOCCOCCOCCOCCOCCOCCOCCOCCOCCOCCOCCOC(=O)C(=C)C,C=C(C)C(=O)OCCOCCOCCOCCOCCOCCOCCOCCOCCOCCOCCOCCOCCOCCOCCOCCOCCOCCOCCOCCOCCOCCOCCOCCOCCOCCOCCOCCOCCOCCOCCOCCOCCOCCOCCOCCOCCOCC(C)OCC(C)OCC(C)OCC(C)OCC(C)OCC(C)N
293,CC(C)(c2ccc(OCCOCCOCCOCC1CO1)cc2)c4ccc(OCCOCCOCCOCC3CO3)cc4,C=C(C)C(=O)OCCOCCOCCOCCOCCOCCOCCOCCOCCOCCOCCOCCOC(=O)C(=C)C,"Here's a pair of monomers fulfilling the criteria of Tg â‰ˆ 100Â°C, Er â‰ˆ 100Mpa, with C=C(C=O) and C=C groups:
Monomer 1 (C=C(C=O) groups): CC(C)(c2ccc(OCCOCCOCCOCC1CO1)cc2)c4ccc(OCCOCCOCCOCC3CO3)cc4
Monomer 2 (C=C groups): C=C(C)C(=O)OCCOCCOCCOCCOCCOCCOCCOCCOCCOCCOCCOCCOC(=O)C(=C)C",acrylate(C=C(C=O)),vinyl(C=C),0.5,100.0,100.0,"Propose two monomers that form a TSMP with Tg around 100Â°C, Er near 100 MPa, and containing acrylate(C=C(C=O)) in monomer1 and vinyl(C=C) in monomer2 groups.",CC(C)(c2ccc(OCCOCCOCCOCC1CO1)cc2)c4ccc(OCCOCCOCCOCC3CO3)cc4,C=C(C)C(=O)OCCOCCOCCOCCOCCOCCOCCOCCOCCOCCOCCOCCOC(=O)C(=C)C
294,CC(C)(c2ccc(OCCOCC1CO1)cc2)c4ccc(OCCOCC3CO3)cc4,C=Cc1cccc(C=C)c1,"Here's a pair of monomers fulfilling the criteria of Tg â‰ˆ 100Â°C, Er â‰ˆ 100Mpa, with C=C(C=O) and C=C groups:
Monomer 1 (C=C(C=O) groups): CC(C)(c2ccc(OCCOCC1CO1)cc2)c4ccc(OCCOCC3CO3)cc4
Monomer 2 (C=C groups): C=Cc1cccc(C=C)c1",acrylate(C=C(C=O)),vinyl(C=C),0.5,100.0,100.0,"Propose two monomers that form a TSMP with Tg around 100Â°C, Er near 100 MPa, and containing acrylate(C=C(C=O)) in monomer1 and vinyl(C=C) in monomer2 groups.",CC(C)(c2ccc(OCCOCC1CO1)cc2)c4ccc(OCCOCC3CO3)cc4,C=Cc1cccc(C=C)c1
298,C=C(C)C(=O)OCCOCCOCCOCCOCCOCCOCCOCCOCCOCCOCCOCCOCCOCCOCCOCCOCCOCCOCCOCCOC(=O)C(=C)C,C=C(C)C(=O)OCCOCCOCCOCCOCCOCCOCCOCCOCCOCCOCCOCCOCCOCCOCCOCCOCCOCCOCCOCCOCCOCCOCCOCCOCCOCCOCCOCCOCCOCCOCCOCCOCCOCCOCCOCCOCCOCC(C)OCC(C)OCC(C)OCC(C)OCC(C)OCC(C)N,"Here's a pair of monomers fulfilling the criteria of Tg â‰ˆ 50Â°C, Er â‰ˆ 20Mpa, and containing C=C/CO groups:
Monomer 1: C=C(C)C(=O)OCCOCCOCCOCCOCCOCCOCCOCCOCCOCCOCCOCCOCCOCCOCCOCCOCCOCCOCCOCCOC(=O)C(=C)C
Monomer 2: C=C(C)C(=O)OCCOCCOCCOCCOCCOCCOCCOCCOCCOCCOCCOCCOCCOCCOCCOCCOCCOCCOCCOCCOCCOCCOCCOCCOCCOCCOCCOCCOCCOCCOCCOCCOCCOCCOCCOCCOCCOCC(C)OCC(C)OCC(C)OCC(C)OCC(C)OCC(C)N",vinyl(C=C),hydroxyl(=O),0.5,50.0,20.0,Design a shape memory polymer with Tg â‰ˆ 50Â°C and Er â‰ˆ 20 MPa that includes vinyl(C=C) and hydroxyl(=O) groups.,C=C(C)C(=O)OCCOCCOCCOCCOCCOCCOCCOCCOCCOCCOCCOCCOCCOCCOCCOCCOCCOCCOCCOCCOC(=O)C(=C)C,C=C(C)C(=O)OCCOCCOCCOCCOCCOCCOCCOCCOCCOCCOCCOCCOCCOCCOCCOCCOCCOCCOCCOCCOCCOCCOCCOCCOCCOCCOCCOCCOCCOCCOCCOCCOCCOCCOCCOCCOCCOCC(C)OCC(C)OCC(C)OCC(C)OCC(C)OCC(C)N
311,C=C(C)C(=O)OCCOCCOCCOCCOCCOCCOCCOCCOCCOCCOCCOCCOCCOCCOCCOCCOCCOCCOCCOCCOC(=O)C(=C)C,C=C(C)C(=C)COC(=O)NCC1(C)CC(NC(=O)OCC(C)(C)C)CC(C)(C)C1,"Here is a valid monomer pair designed with the required functionalities:
Monomer 1 (contains C=C): C=C(C)C(=O)OCCOCCOCCOCCOCCOCCOCCOCCOCCOCCOCCOCCOCCOCCOCCOCCOCCOCCOCCOCCOC(=O)C(=C)C
Monomer 2 (contains C=C): C=C(C)C(=C)COC(=O)NCC1(C)CC(NC(=O)OCC(C)(C)C)CC(C)(C)C1",vinyl(C=C),vinyl(C=C),0.7,200.0,27.0,"Create a thermoset polymer with Tg = 200Â°C, Er = 27 MPa, and monomers featuring vinyl(C=C) in monomer1 and vinyl(C=C) in monomer2 groups.",C=C(C)C(=O)OCCOCCOCCOCCOCCOCCOCCOCCOCCOCCOCCOCCOCCOCCOCCOCCOCCOCCOCCOCCOC(=O)C(=C)C,C=C(C)C(=C)COC(=O)NCC1(C)CC(NC(=O)OCC(C)(C)C)CC(C)(C)C1
313,C=C(C)C(=O)OCCOCCOCCOCCOCCOCCOCCOCCOCCOCCOCCOCCOCCOCCOCCOCCOCCOCCOCCOCCOC(=O)C(=C)C,C=C(C)C(=O)OCCOCCOCCOCCOCCOCCOCCOCCOCCOCCOCCOCCOCCOCCOCCOCCOCCOCCOCCOCC(C)(C)C(=O)OCCOCCOCCOCCOCCOCCOCCOCCOCCOCCOCCOCCOCCOCCOCCOCCOCCOCCOCCOCC(C)(C)C(=O)OCCOCCOCCOCCOCCOCCOCCOCCOCCOCCOCCOCCOCCOCCOCCOCCOCCOCCOCCOCC(C)(C)C(=O)OCCOCCOCCOCCOCC,"Here is a valid monomer pair designed with the required functionalities:
Monomer 1 (C=C): C=C(C)C(=O)OCCOCCOCCOCCOCCOCCOCCOCCOCCOCCOCCOCCOCCOCCOCCOCCOCCOCCOCCOCCOC(=O)C(=C)C
Monomer 2 (C=C): C=C(C)C(=O)OCCOCCOCCOCCOCCOCCOCCOCCOCCOCCOCCOCCOCCOCCOCCOCCOCCOCCOCCOCC(C)(C)C(=O)OCCOCCOCCOCCOCCOCCOCCOCCOCCOCCOCCOCCOCCOCCOCCOCCOCCOCCOCCOCC(C)(C)C(=O)OCCOCCOCCOCCOCCOCCOCCOCCOCCOCCOCCOCCOCCOCCOCCOCCOCCOCCOCCOCC(C)(C)C(=O)OCCOCCOCCOCCOCC",vinyl(C=C),vinyl(C=C),0.7,200.0,27.0,"Create a thermoset polymer with Tg = 200Â°C, Er = 27 MPa, and monomers featuring vinyl(C=C) in monomer1 and vinyl(C=C) in monomer2 groups.",C=C(C)C(=O)OCCOCCOCCOCCOCCOCCOCCOCCOCCOCCOCCOCCOCCOCCOCCOCCOCCOCCOCCOCCOC(=O)C(=C)C,C=C(C)C(=O)OCCOCCOCCOCCOCCOCCOCCOCCOCCOCCOCCOCCOCCOCCOCCOCCOCCOCCOCCOCC(C)(C)C(=O)OCCOCCOCCOCCOCCOCCOCCOCCOCCOCCOCCOCCOCCOCCOCCOCCOCCOCCOCCOCC(C)(C)C(=O)OCCOCCOCCOCCOCCOCCOCCOCCOCCOCCOCCOCCOCCOCCOCCOCCOCCOCCOCCOCC(C)(C)C(=O)OCCOCCOCCOCCOCC
317,O=C(OCC1CO1)C3CC2OC2CC3C(=O)OCC4CO4,C=Cc1cccc(C=C)c1,"Here is a pair of monomers fulfilling the criteria of Tg â‰ˆ 100Â°C, Er â‰ˆ 100Mpa, with C=C(C=O) and C=C groups:
Monomer 1 (C=C(C=O) groups): O=C(OCC1CO1)C3CC2OC2CC3C(=O)OCC4CO4
Monomer 2 (C=C groups): C=Cc1cccc(C=C)c1",acrylate(C=C(C=O)),vinyl(C=C),0.7,100.0,100.0,"Propose two monomers that form a TSMP with Tg around 100Â°C, Er near 100 MPa, and containing acrylate(C=C(C=O)) in monomer1 and vinyl(C=C) in monomer2 groups.",O=C(OCC1CO1)C3CC2OC2CC3C(=O)OCC4CO4,C=Cc1cccc(C=C)c1
318,C=C(C)C(=O)OCCOCCOCCOCCOCCOCCOCCOCCOCCOCCOCCOCCOCCOCCOCCOCCOCCOCCOCCOCCOC(=O)C(=C)C,C=CCc1ccccc1OCC(O)COC(=O)Cc3ccc(C(=O)OCC(O)COc2ccccc2CC=C)cc3,"Here's a pair of monomers fulfilling the criteria of Tg â‰ˆ 100Â°C, Er â‰ˆ 100Mpa, with C=C(C=O) and C=C groups:
Monomer 1 (C=C(C=O) groups): C=C(C)C(=O)OCCOCCOCCOCCOCCOCCOCCOCCOCCOCCOCCOCCOCCOCCOCCOCCOCCOCCOCCOCCOC(=O)C(=C)C
Monomer 2 (C=C groups): C=CCc1ccccc1OCC(O)COC(=O)Cc3ccc(C(=O)OCC(O)COc2ccccc2CC=C)cc3",acrylate(C=C(C=O)),vinyl(C=C),0.7,100.0,100.0,"Propose two monomers that form a TSMP with Tg around 100Â°C, Er near 100 MPa, and containing acrylate(C=C(C=O)) in monomer1 and vinyl(C=C) in monomer2 groups.",C=C(C)C(=O)OCCOCCOCCOCCOCCOCCOCCOCCOCCOCCOCCOCCOCCOCCOCCOCCOCCOCCOCCOCCOC(=O)C(=C)C,C=CCc1ccccc1OCC(O)COC(=O)Cc3ccc(C(=O)OCC(O)COc2ccccc2CC=C)cc3
319,O=C(OCC1CO1)C3CC2OC2CC3C(=O)OCC4CO4,C=C(C)C(=O)OCCOCCOCCOCCOCCOCCOCCOCCOCCOCCOCCOCCOCCOCCOCCOCCOCCOCCOCCOCCOC(=O)C(=C)C,"Here is a valid monomer pair designed with the required functionalities:
Monomer 1 (C=C(C=O) groups): O=C(OCC1CO1)C3CC2OC2CC3C(=O)OCC4CO4
Monomer 2 (C=C groups): C=C(C)C(=O)OCCOCCOCCOCCOCCOCCOCCOCCOCCOCCOCCOCCOCCOCCOCCOCCOCCOCCOCCOCCOC(=O)C(=C)C",acrylate(C=C(C=O)),vinyl(C=C),0.7,100.0,100.0,"Propose two monomers that form a TSMP with Tg around 100Â°C, Er near 100 MPa, and containing acrylate(C=C(C=O)) in monomer1 and vinyl(C=C) in monomer2 groups.",O=C(OCC1CO1)C3CC2OC2CC3C(=O)OCC4CO4,C=C(C)C(=O)OCCOCCOCCOCCOCCOCCOCCOCCOCCOCCOCCOCCOCCOCCOCCOCCOCCOCCOCCOCCOC(=O)C(=C)C
325,C=C(C)C(=O)OCCOCCOCCOCCOCCOCCOCCOCCOCCOCCOCCOCCOCCOCCOCCOCCOCCOCCOCCOCCOC(=O)C(=C)C,C=CC(=O)OCCn1c(=O)n(CCOC(=O)C=C)c(=O)n(CCOC(=O)C=C)c1=O,"Here's a valid monomer pair designed with the required functionalities:
Monomer 1 (rich in C=C): C=C(C)C(=O)OCCOCCOCCOCCOCCOCCOCCOCCOCCOCCOCCOCCOCCOCCOCCOCCOCCOCCOCCOCCOC(=O)C(=C)C
Monomer 2 (rich in =O): C=CC(=O)OCCn1c(=O)n(CCOC(=O)C=C)c(=O)n(CCOC(=O)C=C)c1=O",vinyl(C=C),hydroxyl(=O),0.7,50.0,20.0,"Generate a TSMP with Tg = 50Â°C and Er = 20 MPa, using functional groups vinyl(C=C) and hydroxyl(=O).",C=C(C)C(=O)OCCOCCOCCOCCOCCOCCOCCOCCOCCOCCOCCOCCOCCOCCOCCOCCOCCOCCOCCOCCOC(=O)C(=C)C,C=CC(=O)OCCn1c(=O)n(CCOC(=O)C=C)c(=O)n(CCOC(=O)C=C)c1=O
337,C=C(C)C(=O)OCCOCCOCCOCCOCCOCCOCCOCCOCCOCCOCCOCCOCCOCCOCCOCCOCCOCCOCCOCCOC(=O)C(=C)C,C=C(C)C(=O)OCCOCCOCCOCCOCCOCCOCCOCCOCCOCCOCCOCCOCCOCCOCCOCCOCCOCCOCCOCCOCC(C)C(=O)OCCOCCOCCOCCOCCOCCOCCOCCOCCOCCOCCOCCOCCOCCOCCOCCOCCOCCOCCOCCOCC(C)C(=O)OCCOCCOCCOCCOCCOCCOCCOCCOCCOCCOCCOCCOCCOCCOCCOCCOCCOCCOCCOCCOCC(C)C,"Here's a pair of monomers fulfilling the criteria of Tg = 200Â°C, Er = 27Mpa, and containing vinyl groups:
Monomer 1: C=C(C)C(=O)OCCOCCOCCOCCOCCOCCOCCOCCOCCOCCOCCOCCOCCOCCOCCOCCOCCOCCOCCOCCOC(=O)C(=C)C
Monomer 2: C=C(C)C(=O)OCCOCCOCCOCCOCCOCCOCCOCCOCCOCCOCCOCCOCCOCCOCCOCCOCCOCCOCCOCCOCC(C)C(=O)OCCOCCOCCOCCOCCOCCOCCOCCOCCOCCOCCOCCOCCOCCOCCOCCOCCOCCOCCOCCOCC(C)C(=O)OCCOCCOCCOCCOCCOCCOCCOCCOCCOCCOCCOCCOCCOCCOCCOCCOCCOCCOCCOCCOCC(C)C",vinyl(C=C),vinyl(C=C),0.9,200.0,27.0,"Generate a TSMP with Tg = 200Â°C and Er = 27 MPa, using functional groups vinyl(C=C) and vinyl(C=C).",C=C(C)C(=O)OCCOCCOCCOCCOCCOCCOCCOCCOCCOCCOCCOCCOCCOCCOCCOCCOCCOCCOCCOCCOC(=O)C(=C)C,C=C(C)C(=O)OCCOCCOCCOCCOCCOCCOCCOCCOCCOCCOCCOCCOCCOCCOCCOCCOCCOCCOCCOCCOCC(C)C(=O)OCCOCCOCCOCCOCCOCCOCCOCCOCCOCCOCCOCCOCCOCCOCCOCCOCCOCCOCCOCCOCC(C)C(=O)OCCOCCOCCOCCOCCOCCOCCOCCOCCOCCOCCOCCOCCOCCOCCOCCOCCOCCOCCOCCOCC(C)C
338,C=C(C)C(=O)OCCOCCOCCOCCOCCOCCOCCOCCOCCOCCOCCOCCOCCOCCOCCOCCOCCOCCOCCOCCOCC(C)C(=O)OCCOCCOCCOCCOCCOCCOCCOCCOCCOCCOCCOCCOCCOCCOCCOCCOCCOCCOCCOCCOCC(C)C(=O)OCCOCCOCCOCCOCCOCCOCCOCCOCCOCCOCCOCCOCCOCCOCCOCCOCCOCCOCCOCCOCC(C)C,C=C(C)C(=O)OCCOCCOCCOC(=O)C(=C)C,"Here's a pair of monomers fulfilling the criteria of Tg = 200Â°C, Er = 27Mpa, and containing C=C groups:
Monomer 1: C=CCOCC(CO)(COCC=C)COCC=C
Monomer 2: C=C(C)C(=O)OCCOCCOCCOC(=O)C(=C)C",vinyl(C=C),vinyl(C=C),0.9,200.0,27.0,"Generate a TSMP with Tg = 200Â°C and Er = 27 MPa, using functional groups vinyl(C=C) and vinyl(C=C).",C=C(C)C(=O)OCCOCCOCCOCCOCCOCCOCCOCCOCCOCCOCCOCCOCCOCCOCCOCCOCCOCCOCCOCCOCC(C)C(=O)OCCOCCOCCOCCOCCOCCOCCOCCOCCOCCOCCOCCOCCOCCOCCOCCOCCOCCOCCOCCOCC(C)C(=O)OCCOCCOCCOCCOCCOCCOCCOCCOCCOCCOCCOCCOCCOCCOCCOCCOCCOCCOCCOCCOCC(C)C,C=C(C)C(=O)OCCOCCOCCOC(=O)C(=C)C
339,C=CCOCC(CO)(COCC=C)COCC=C,C=C(C)C(=O)OCCOCCOCCOCCOCCOCCOCCOCCOCCOCCOCCOCCOC(=O)C(=C)C,"Here is a pair of monomers containing vinyl groups designed for Tg â‰ˆ 200Â°C and Er â‰ˆ 27Mpa:
Monomer 1: C=CCOCC(CO)(COCC=C)COCC=C
Monomer 2: C=C(C)C(=O)OCCOCCOCCOCCOCCOCCOCCOCCOCCOCCOCCOCCOC(=O)C(=C)C",vinyl(C=C),vinyl(C=C),0.9,200.0,27.0,"Generate a TSMP with Tg = 200Â°C and Er = 27 MPa, using functional groups vinyl(C=C) and vinyl(C=C).",C=CCOCC(CO)(COCC=C)COCC=C,C=C(C)C(=O)OCCOCCOCCOCCOCCOCCOCCOCCOCCOCCOCCOCCOC(=O)C(=C)C
340,C=C(C)C(=O)OCCOCCOCCOCCOCCOCCOCCOCCOCCOCCOCCOCCOCCOCCOCCOCCOCCOCCOCCOCCOCCOCCOCCOCCOCCOCCOCCOCCOCCOC(=O)C(=C)C,C=CCc1ccccc1OCC(O)COC(=O)Cc3ccc(C(=O)OCC(O)COc2ccccc2CC=C)cc3,"Here's a pair of monomers fulfilling the criteria of Tg = 200Â°C, Er = 27Mpa, and containing C=C groups:
Monomer 1: C=C(C)C(=O)OCCOCCOCCOCCOCCOCCOCCOCCOCCOCCOCCOCCOCCOCCOCCOCCOCCOCCOCCOCCOCCOCCOCCOCCOCCOCCOCCOCCOCCOC(=O)C(=C)C
Monomer 2: C=CCc1ccccc1OCC(O)COC(=O)Cc3ccc(C(=O)OCC(O)COc2ccccc2CC=C)cc3",vinyl(C=C),vinyl(C=C),0.9,200.0,27.0,"Generate a TSMP with Tg = 200Â°C and Er = 27 MPa, using functional groups vinyl(C=C) and vinyl(C=C).",C=C(C)C(=O)OCCOCCOCCOCCOCCOCCOCCOCCOCCOCCOCCOCCOCCOCCOCCOCCOCCOCCOCCOCCOCCOCCOCCOCCOCCOCCOCCOCCOCCOC(=O)C(=C)C,C=CCc1ccccc1OCC(O)COC(=O)Cc3ccc(C(=O)OCC(O)COc2ccccc2CC=C)cc3
343,CC(C)(c2ccc(OCCOCCOCCOC1CO1)cc2)c4ccc(OCCOCCOCCOC3CO3)cc4,O=c1n(CCS)c(=O)n(CCS)c(=O)n1CCS,"Here's a pair of monomers fulfilling the criteria of Tg = 100Â°C, Er = 100Mpa, and containing C=C(C=O) in Monomer 1, C=C in Monomer 2:
Monomer 1: CC(C)(c2ccc(OCCOCCOCCOC1CO1)cc2)c4ccc(OCCOCCOCCOC3CO3)cc4
Monomer 2: O=c1n(CCS)c(=O)n(CCS)c(=O)n1CCS",acrylate(C=C(C=O)),vinyl(C=C),0.9,100.0,100.0,"Create a thermoset polymer with Tg = 100Â°C, Er = 100 MPa, and monomers featuring acrylate(C=C(C=O)) in monomer1 and vinyl(C=C) in monomer2 groups.",CC(C)(c2ccc(OCCOCCOCCOC1CO1)cc2)c4ccc(OCCOCCOCCOC3CO3)cc4,O=c1n(CCS)c(=O)n(CCS)c(=O)n1CCS
346,C=CCc1ccccc1OCC(O)COC(=O)Cc3ccc(C(=O)OCC(O)COc2ccccc2CC=C)cc3,CC(=O)OCCOCCOCCOCCOCCOCCOCCOCCOCCOCCOCCOCCOCCOCCOCCOCCOCCOCCOCCOCCOC(=O)C(C)=O,"Here's a TSMP that matches your request:
Monomer 1 (C=C): C=CCc1ccccc1OCC(O)COC(=O)Cc3ccc(C(=O)OCC(O)COc2ccccc2CC=C)cc3
Monomer 2 (O=C): CC(=O)OCCOCCOCCOCCOCCOCCOCCOCCOCCOCCOCCOCCOCCOCCOCCOCCOCCOCCOCCOCCOC(=O)C(C)=O",vinyl(C=C),hydroxyl(=O),0.9,50.0,20.0,"Suggest a TSMP system that satisfies Tg = 50Â°C and Er = 20 MPa, incorporating vinyl(C=C) and hydroxyl(=O) functionalities.",C=CCc1ccccc1OCC(O)COC(=O)Cc3ccc(C(=O)OCC(O)COc2ccccc2CC=C)cc3,CC(=O)OCCOCCOCCOCCOCCOCCOCCOCCOCCOCCOCCOCCOCCOCCOCCOCCOCCOCCOCCOCCOC(=O)C(C)=O
351,CC(C/C=C\\CC(=O)OCC(O)COc3ccc(C(C)(C)c2ccc(OCC1CO1)cc2)cc3)C(=O)OCC(O)COc6ccc(C(C)(C)c5ccc(OCC4CO4)cc5)cc6,NCCOCCOCCN,"Here's a pair of monomers fulfilling the criteria of Tg = 100Â°C, Er = 40Mpa, and containing C1OC1/NC groups:
Monomer 1: CC(C/C=C\CC(=O)OCC(O)COc3ccc(C(C)(C)c2ccc(OCC1CO1)cc2)cc3)C(=O)OCC(O)COc6ccc(C(C)(C)c5ccc(OCC4CO4)cc5)cc6
Monomer 2: NCCOCCOCCN",epoxy(C1OC1),imine(NC),1.0,100.0,40.0,"Suggest a TSMP system that satisfies Tg = 100Â°C and Er = 40 MPa, incorporating epoxy(C1OC1) and imine(NC) functionalities.",CC(C/C=C\\CC(=O)OCC(O)COc3ccc(C(C)(C)c2ccc(OCC1CO1)cc2)cc3)C(=O)OCC(O)COc6ccc(C(C)(C)c5ccc(OCC4CO4)cc5)cc6,NCCOCCOCCN
362,O=c1ccc(=O)n1c4ccc(Cc3ccc(n2c(=O)ccc2=O)cc3)cc4,O=c1cccc(C=C)cccc1O,"Here's a valid monomer pair designed with the required functionalities:
Monomer 1 (rich in C=C): O=c1ccc(=O)n1c4ccc(Cc3ccc(n2c(=O)ccc2=O)cc3)cc4
Monomer 2 (rich in C=C): O=c1cccc(C=C)cccc1O",vinyl(C=C),vinyl(C=C),1.0,200.0,27.0,Design a shape memory polymer with Tg â‰ˆ 200Â°C and Er â‰ˆ 27 MPa that includes vinyl(C=C) and vinyl(C=C) groups.,O=c1ccc(=O)n1c4ccc(Cc3ccc(n2c(=O)ccc2=O)cc3)cc4,O=c1cccc(C=C)cccc1O
364,C=C(C)C(=O)OCCOCCOCCOCCOCCOCCOCCOCCOCCOCCOCCOCCOC(=O)C(=C)C,C=C(C)C(=C)COC(=O)CCCCCC(COC(=O)CCCCCC(COC(=O)CCCCCC(COC(=O)CCCCCC(COC(=O)CCCCCC(COC(=O)CCCCCC(COC(=O)CCCCCC(COC(=O)CCCCCC(COC(=O)CCCCCC(COC(=O)CCCCCC(COC(=O)CCCCCC(COC(=O)CCCCCC(COC(=O)CCCCCC(COC(=O)CCCCCC(COC(=O)CCCCCC(COC(=O)CCCCCC(COC(=O)CCCCCC(COC(=O)CCCCCC(COC(=O)CCCCCC(COC(=O)CCCCCC(COC(=O)CCCCCC(COC(=O)CCCCCC(COC(=O)CCCCCC(COC(=O)CCCCCC(C,"Here's a valid monomer pair designed with the required functionalities:
Monomer 1 (rich in C=C): C=C(C)C(=O)OCCOCCOCCOCCOCCOCCOCCOCCOCCOCCOCCOCCOC(=O)C(=C)C
Monomer 2 (rich in C=C): C=C(C)C(=C)COC(=O)CCCCCC(COC(=O)CCCCCC(COC(=O)CCCCCC(COC(=O)CCCCCC(COC(=O)CCCCCC(COC(=O)CCCCCC(COC(=O)CCCCCC(COC(=O)CCCCCC(COC(=O)CCCCCC(COC(=O)CCCCCC(COC(=O)CCCCCC(COC(=O)CCCCCC(COC(=O)CCCCCC(COC(=O)CCCCCC(COC(=O)CCCCCC(COC(=O)CCCCCC(COC(=O)CCCCCC(COC(=O)CCCCCC(COC(=O)CCCCCC(COC(=O)CCCCCC(COC(=O)CCCCCC(COC(=O)CCCCCC(COC(=O)CCCCCC(COC(=O)CCCCCC(C",vinyl(C=C),vinyl(C=C),1.0,200.0,27.0,Design a shape memory polymer with Tg â‰ˆ 200Â°C and Er â‰ˆ 27 MPa that includes vinyl(C=C) and vinyl(C=C) groups.,C=C(C)C(=O)OCCOCCOCCOCCOCCOCCOCCOCCOCCOCCOCCOCCOC(=O)C(=C)C,CCCCCCCC(O)OCCCCCCCC(O)OCCCCCCCC(O)OCCCCCCCC(O)OCCCCCCCC(O)OCCCCCCCC(O)OCCCCCCCC(O)OCCCCCCCC(O)OCCCCCCCC(O)OCCCCCCCC(O)OCCCCCCCC(O)OCCCCCCCC(O)OCCCCCCCC(O)OCCCCCCCC(O)OCCCCCCCC(O)OCCCCCCCC(O)OCCCCCCCC(O)OCCCCCCCC(O)OCCCCCCCC(O)OCCCCCCCC(O)OCCCCCCCC(O)OCCCCCCCC(O)OCCCCCCCC(O)OCCCCCCCC(O)OCC(C)C(C)C
365,C=CCn1c(=O)n(CC=C)c(=O)n(CC=C)c1=O,C=CCc1ccccc1OCC(O)COC(=O)CCCCC(=O)OCC(O)COc2ccccc2CC=C,"Here's a valid monomer pair fulfilling the criteria of Tg â‰ˆ 200Â°C, Er â‰ˆ 27Mpa, and containing C=C groups:
Monomer 1: C=CCn1c(=O)n(CC=C)c(=O)n(CC=C)c1=O
Monomer 2: C=CCc1ccccc1OCC(O)COC(=O)CCCCC(=O)OCC(O)COc2ccccc2CC=C",vinyl(C=C),vinyl(C=C),1.0,200.0,27.0,Design a shape memory polymer with Tg â‰ˆ 200Â°C and Er â‰ˆ 27 MPa that includes vinyl(C=C) and vinyl(C=C) groups.,C=CCn1c(=O)n(CC=C)c(=O)n(CC=C)c1=O,C=CCc1ccccc1OCC(O)COC(=O)CCCCC(=O)OCC(O)COc2ccccc2CC=C
372,C=C(C)C(=O)OCCOCCOCCOCCOCCOCCOCCOCCOCCOCCOCCOCCOCCOCCOCCOCCOCCOCCOCCOCCOC(=O)C(=C)C,C=CC(=O)OCCCC,"Here is a pair of monomers fulfilling the criteria of Tg = 50Â°C, Er = 20Mpa, and containing C=C/CO groups:
Monomer 1: C=C(C)C(=O)OCCOCCOCCOCCOCCOCCOCCOCCOCCOCCOCCOCCOCCOCCOCCOCCOCCOCCOCCOCCOC(=O)C(=C)C
Monomer 2: C=CC(=O)OCCCC",vinyl(C=C),hydroxyl(=O),1.0,50.0,20.0,"Suggest a TSMP system that satisfies Tg = 50Â°C and Er = 20 MPa, incorporating vinyl(C=C) and hydroxyl(=O) functionalities.",C=C(C)C(=O)OCCOCCOCCOCCOCCOCCOCCOCCOCCOCCOCCOCCOCCOCCOCCOCCOCCOCCOCCOCCOC(=O)C(=C)C,C=CC(=O)OCCCC
375,C=C(C)C(=O)OCC(O)COc2ccc(C(C)(C)c1ccc(OCC(O)COC(=O)C(=C)C)cc1)cc2,C=C(C)C(=O)OCCOCCOCCOCCOCCOCCOCCOCCOCCOCCOCCOCCOCCOCCOCCOCCOCCOCCOCCOCCOCCOCCOCCOCCOCCOCCOCCOCCOC(=O)C(=C)C,"Here's a pair of monomers fulfilling the criteria of Tg = 50Â°C, Er = 20Mpa, and containing C=C/CO groups:
Monomer 1: C=C(C)C(=O)OCC(O)COc2ccc(C(C)(C)c1ccc(OCC(O)COC(=O)C(=C)C)cc1)cc2
Monomer 2: C=C(C)C(=O)OCCOCCOCCOCCOCCOCCOCCOCCOCCOCCOCCOCCOCCOCCOCCOCCOCCOCCOCCOCCOCCOCCOCCOCCOCCOCCOCCOCCOC(=O)C(=C)C",vinyl(C=C),hydroxyl(=O),1.0,50.0,20.0,"Suggest a TSMP system that satisfies Tg = 50Â°C and Er = 20 MPa, incorporating vinyl(C=C) and hydroxyl(=O) functionalities.",C=C(C)C(=O)OCC(O)COc2ccc(C(C)(C)c1ccc(OCC(O)COC(=O)C(=C)C)cc1)cc2,C=C(C)C(=O)OCCOCCOCCOCCOCCOCCOCCOCCOCCOCCOCCOCCOCCOCCOCCOCCOCCOCCOCCOCCOCCOCCOCCOCCOCCOCCOCCOCCOC(=O)C(=C)C
